0.2168,,,
0.2814,,-10,3
0.3131,,-9,4
0.332,,-8,5
0.3484,,-7,19
0.3658,,-6,6
0.9434,,-5,4
1.159,,-4,6
2.4996,,-3,12
3.8307,,-2,3
11.6826,,-1,2
18.8056,,0,24
23.2642,,1,18
25.7805,,2,16
25.4163,,3,37
22.8271,,4,55
15.8079,,5,54
11.0092,,6,79
7.7216,,7,148
5.6939,,8,158
4.4065,,9,157
3.4714,,10,192
2.8252,,11,267
1.7423,,12,249
0.9347,,13,235
0.1735,,14,222
-0.5676,,15,247
-1.0909,,16,245
-1.6202,,17,267
-2.1313,,18,249
-2.5247,,19,256
-2.7515,,20,312
-2.824,,21,325
-2.7181,,22,280
-2.5514,,23,291
-2.5875,,24,311
-2.7948,,25,370
-2.983,,26,365
-3.2286,,27,357
-3.7408,,28,367
-4.4181,,29,307
-4.9611,,30,285
-5.3043,,31,242
-5.6157,,32,239
-5.8188,,33,216
-6.0632,,34,189
-6.3099,,35,167
-6.3869,,36,133
-6.5472,,37,120
-6.5712,,38,115
-6.6126,,39,94
-6.7439,,40,83
-6.9411,,41,73
-7.2,,42,67
-7.35,,43,59
-7.4269,,44,52
-6.7953,,45,40
-6.488,,46,32
-6.2482,,47,19
3.3552,,48,9
8.8048,,49,1
7.6741,,50,-8760
6.4906,,,
6.0508,,,
0.9581,,,
-2.5138,,,
-4.6762,,,
-5.977,,,
-6.5933,,,
-6.9975,,,
-7.2581,,,
-7.7146,,,
-8.1887,,,
-8.6871,,,
-8.8165,,,
-8.9265,,,
-9.0198,,,
-9.102,,,
-10,,,
-9.1847,,,
-6.0035,,,
-1.4617,,,
6.0711,,,
11.488,,,
15.0372,,,
17.1192,,,
16.6247,,,
13.5881,,,
6.5065,,,
1.0137,,,
-2.2032,,,
-4.0418,,,
-5.2573,,,
-5.8928,,,
-6.2187,,,
-6.4499,,,
-6.4206,,,
-6.5225,,,
-6.2214,,,
-3.5227,,,
-3.899,,,
-3.5859,,,
-3.724,,,
-2.7031,,,
3.1574,,,
9.8728,,,
15.4206,,,
19.4,,,
22.8843,,,
24.9575,,,
24.3479,,,
21.5197,,,
14.707,,,
9.3838,,,
6.2955,,,
4.4444,,,
2.9446,,,
2.2641,,,
1.7329,,,
1.5175,,,
1.1894,,,
0.9969,,,
1.4316,,,
1.8364,,,
1.4019,,,
1.2902,,,
1.1036,,,
1.1608,,,
7.0111,,,
13.42,,,
19.5162,,,
24.2532,,,
28.0614,,,
29.5824,,,
28.7933,,,
25.1202,,,
17.7608,,,
12.7689,,,
9.3626,,,
7.4453,,,
6.3833,,,
5.249,,,
4.7752,,,
5.0271,,,
4.5042,,,
4.0499,,,
3.6905,,,
3.1838,,,
3.0054,,,
2.8802,,,
2.7975,,,
3.0845,,,
8.6302,,,
15.1681,,,
21.1646,,,
25.6599,,,
28.4863,,,
29.8273,,,
29.0433,,,
25.9628,,,
18.9759,,,
13.5718,,,
10.1284,,,
7.8879,,,
6.3591,,,
5.2649,,,
4.6004,,,
4.0847,,,
3.7698,,,
3.586,,,
3.3839,,,
3.4493,,,
3.6597,,,
3.6454,,,
3.5551,,,
3.7468,,,
8.4452,,,
14.3971,,,
20.3064,,,
25.3562,,,
28.5853,,,
30.0534,,,
29.7556,,,
26.8444,,,
20.1302,,,
14.8625,,,
11.4048,,,
9.1567,,,
7.5412,,,
6.3871,,,
5.5048,,,
4.9728,,,
4.5334,,,
4.3628,,,
4.1352,,,
4.1751,,,
4.1698,,,
4.1528,,,
4.3145,,,
4.5027,,,
10.4747,,,
17.2193,,,
23.1622,,,
27.9089,,,
31.2088,,,
32.4847,,,
32.1228,,,
28.9079,,,
21.9497,,,
16.552,,,
13.0931,,,
10.9526,,,
9.4774,,,
8.4914,,,
7.8945,,,
7.5193,,,
7.7581,,,
7.8545,,,
8.1761,,,
8.3415,,,
8.161,,,
7.8746,,,
7.7242,,,
7.9124,,,
13.1007,,,
18.8738,,,
24.5337,,,
29.4819,,,
32.8085,,,
34.0163,,,
33.7348,,,
30.3814,,,
23.9092,,,
18.3219,,,
14.6998,,,
12.4474,,,
10.8978,,,
9.7701,,,
9.0894,,,
8.6628,,,
8.4019,,,
8.2353,,,
7.9428,,,
8.151,,,
8.4639,,,
8.633,,,
8.8295,,,
9.0174,,,
10.0511,,,
11.1657,,,
12.4468,,,
21.6241,,,
28.4087,,,
32.0196,,,
32.833,,,
31.1168,,,
24.636,,,
19.0536,,,
15.5981,,,
13.4506,,,
11.7822,,,
10.6113,,,
9.6985,,,
9.2499,,,
9.0599,,,
8.8176,,,
8.5604,,,
8.3963,,,
8.2785,,,
8.1907,,,
7.8485,,,
8.0733,,,
13.9713,,,
20.2649,,,
26.3313,,,
30.9189,,,
34.2483,,,
35.6085,,,
35.2487,,,
32.6053,,,
26.1757,,,
20.1211,,,
16.2322,,,
13.8383,,,
12.2884,,,
11.162,,,
10.3807,,,
9.8984,,,
9.7937,,,
9.6985,,,
9.7079,,,
9.6868,,,
9.6576,,,
9.6234,,,
9.5159,,,
9.6826,,,
15.3175,,,
21.6714,,,
27.3902,,,
32.2956,,,
36.0289,,,
38.0111,,,
37.6491,,,
34.6756,,,
27.6132,,,
22.1196,,,
18.6993,,,
16.2816,,,
14.5645,,,
13.4608,,,
12.9336,,,
12.8924,,,
12.355,,,
11.8651,,,
11.379,,,
11.083,,,
10.7799,,,
10.5862,,,
10.2579,,,
10.1502,,,
10.6199,,,
11.4318,,,
12.3488,,,
14.5199,,,
18.5433,,,
18.1589,,,
17.2323,,,
15.877,,,
13.7761,,,
12.2076,,,
11.0774,,,
10.012,,,
9.0783,,,
8.4279,,,
8.017,,,
7.7451,,,
7.5574,,,
7.4185,,,
7.2048,,,
6.9358,,,
6.4492,,,
5.8521,,,
5.4952,,,
5.1183,,,
10.4711,,,
16.8169,,,
22.568,,,
26.9234,,,
29.6713,,,
30.7988,,,
29.9039,,,
26.8663,,,
20.5274,,,
14.889,,,
11.3873,,,
8.8066,,,
7.3519,,,
6.545,,,
6.0239,,,
5.7687,,,
5.6961,,,
5.6237,,,
5.3644,,,
5.1091,,,
5.1116,,,
5.175,,,
5.176,,,
5.8151,,,
9.6439,,,
15.4516,,,
20.8609,,,
24.5917,,,
28.0691,,,
30.1,,,
30.11,,,
25.6487,,,
20.3552,,,
16.7501,,,
14.9047,,,
13.8845,,,
13.3963,,,
12.8571,,,
12.6195,,,
11.6992,,,
10.9126,,,
10.4646,,,
9.9905,,,
9.6946,,,
9.306,,,
8.9717,,,
8.8773,,,
8.8598,,,
13.8846,,,
19.7729,,,
25.3049,,,
29.6194,,,
32.4723,,,
33.7602,,,
32.7402,,,
29.5859,,,
23.6345,,,
18.3109,,,
15.0009,,,
13.2187,,,
11.9235,,,
11.1299,,,
10.5163,,,
10.3256,,,
11.1363,,,
11.9249,,,
12.4713,,,
12.6584,,,
12.0222,,,
11.5762,,,
11.3128,,,
12.0745,,,
16.4338,,,
22.8655,,,
28.6021,,,
33.1634,,,
35.8109,,,
37.1801,,,
36.829,,,
34.1736,,,
28.0585,,,
21.2629,,,
17.0753,,,
14.7987,,,
13.3966,,,
12.5546,,,
12.0056,,,
11.4564,,,
11.1115,,,
10.8808,,,
10.8045,,,
10.6323,,,
10.5128,,,
10.4246,,,
10.4874,,,
10.4714,,,
11.0855,,,
12.1742,,,
13.1319,,,
13.5081,,,
12.7833,,,
12.2687,,,
11.823,,,
11.3694,,,
10.8788,,,
10.4203,,,
10.1255,,,
9.7396,,,
9.4979,,,
9.4339,,,
9.1763,,,
9.0117,,,
8.788,,,
8.6363,,,
8.4354,,,
8.192,,,
8.0312,,,
7.2313,,,
6.475,,,
5.9781,,,
5.6534,,,
5.9731,,,
6.5065,,,
7.1315,,,
7.5696,,,
8.581,,,
7.5076,,,
6.6085,,,
5.7677,,,
4.9818,,,
4.5999,,,
4.1427,,,
3.8521,,,
3.3501,,,
2.7329,,,
2.1444,,,
1.8806,,,
1.7661,,,
1.3489,,,
0.9777,,,
0.6337,,,
0.294,,,
-0.0416,,,
0.1985,,,
5.7944,,,
12.1503,,,
17.9113,,,
22.5359,,,
25.805,,,
27.6083,,,
27.6273,,,
25.2979,,,
20.2957,,,
14.1208,,,
10.3762,,,
8.5064,,,
6.7566,,,
5.7182,,,
4.7994,,,
4.8169,,,
4.9496,,,
4.8026,,,
4.7987,,,
4.9578,,,
5.4997,,,
5.3795,,,
5.7173,,,
6.2346,,,
12.2387,,,
18.6977,,,
23.7771,,,
27.8086,,,
30.5902,,,
31.6341,,,
31.0113,,,
28.4016,,,
23.2385,,,
17.7257,,,
14.5204,,,
12.1239,,,
10.4209,,,
9.02,,,
8.1815,,,
7.8326,,,
7.3993,,,
7.1319,,,
7.336,,,
7.3155,,,
7.4794,,,
7.4434,,,
7.4129,,,
8.1591,,,
13.862,,,
19.9842,,,
25.5998,,,
30.0138,,,
33.3283,,,
34.2999,,,
33.224,,,
29.2527,,,
23.4326,,,
18.8124,,,
15.8773,,,
13.8481,,,
12.245,,,
11.2921,,,
10.5851,,,
10.1513,,,
9.6842,,,
9.585,,,
9.3104,,,
9.1375,,,
9.0119,,,
9.2095,,,
9.4744,,,
10.039,,,
15.9763,,,
22.2246,,,
27.7317,,,
31.8327,,,
35.1102,,,
36.8422,,,
37.0811,,,
34.7137,,,
29.3208,,,
23.8266,,,
20.258,,,
18.145,,,
16.4915,,,
14.8549,,,
13.72,,,
13.0358,,,
12.3159,,,
11.9894,,,
11.6639,,,
11.5607,,,
11.4722,,,
11.3009,,,
11.104,,,
11.4217,,,
17.0887,,,
23.6916,,,
29.7528,,,
34.2937,,,
36.9894,,,
37.4208,,,
36.4033,,,
32.5577,,,
27.1468,,,
21.6654,,,
18.2673,,,
16.0361,,,
14.6874,,,
13.6739,,,
12.9848,,,
12.6532,,,
12.2352,,,
11.902,,,
11.8025,,,
11.638,,,
11.525,,,
11.3535,,,
11.2388,,,
11.1157,,,
11.1323,,,
11.2997,,,
11.5939,,,
11.9264,,,
12.2116,,,
18.9674,,,
23.8474,,,
23.9998,,,
21.0278,,,
16.5761,,,
13.8998,,,
11.9072,,,
10.507,,,
9.57,,,
8.9864,,,
8.5054,,,
8.197,,,
7.7958,,,
7.7288,,,
7.7487,,,
7.6238,,,
7.5322,,,
7.8445,,,
8.4648,,,
14.1684,,,
20.802,,,
24.9467,,,
25.5155,,,
25.8876,,,
23.4055,,,
21.2606,,,
21.7669,,,
20.4314,,,
16.7421,,,
14.3507,,,
12.6244,,,
11.4749,,,
10.6847,,,
10.0943,,,
9.9335,,,
10.5885,,,
10.5046,,,
10.7409,,,
10.3776,,,
10.0896,,,
10.7623,,,
11.3966,,,
11.247,,,
16.4754,,,
22.625,,,
28.6566,,,
33.1825,,,
36.1214,,,
37.4888,,,
36.7779,,,
33.703,,,
26.2357,,,
21.4172,,,
18.2433,,,
16.1914,,,
14.8794,,,
13.982,,,
13.2525,,,
12.5398,,,
12.1119,,,
11.5375,,,
10.8954,,,
10.4172,,,
10.0941,,,
9.4435,,,
9.0703,,,
9.2032,,,
14.2269,,,
20.25,,,
25.7351,,,
30.129,,,
32.9188,,,
33.9625,,,
33.2391,,,
30.5389,,,
25.395,,,
19.0235,,,
15.1111,,,
12.874,,,
11.8803,,,
10.8583,,,
10.0608,,,
9.2747,,,
8.7021,,,
8.336,,,
7.7908,,,
7.7549,,,
7.5876,,,
7.5559,,,
7.4051,,,
7.6189,,,
12.4514,,,
18.5254,,,
23.8707,,,
27.867,,,
30.4785,,,
31.5478,,,
28.7905,,,
23.8975,,,
18.7715,,,
15.343,,,
13.2958,,,
11.9435,,,
11.1188,,,
10.5998,,,
9.9677,,,
9.5807,,,
9.3201,,,
9.1365,,,
8.9153,,,
8.656,,,
8.393,,,
8.1108,,,
7.9158,,,
7.7758,,,
8.2752,,,
14.9171,,,
20.8552,,,
25.3502,,,
28.3944,,,
29.3504,,,
25.2531,,,
24.3763,,,
20.6307,,,
15.6411,,,
12.7217,,,
10.4406,,,
8.8701,,,
7.9334,,,
7.5395,,,
7.539,,,
7.8036,,,
8.0488,,,
8.2165,,,
8.272,,,
8.1958,,,
7.9718,,,
7.8204,,,
8.2095,,,
13.7393,,,
20.0479,,,
25.9428,,,
30.6913,,,
34.0735,,,
35.9807,,,
35.8204,,,
33.3687,,,
28.6987,,,
22.4028,,,
18.1848,,,
15.1323,,,
13.2212,,,
11.9187,,,
10.988,,,
10.3603,,,
9.9091,,,
9.5272,,,
9.2253,,,
8.9686,,,
8.7063,,,
8.7311,,,
8.8929,,,
9.7514,,,
15.4887,,,
21.8766,,,
27.803,,,
32.4807,,,
35.7542,,,
37.52,,,
37.1688,,,
34.4869,,,
29.5354,,,
23.2553,,,
19.2044,,,
16.3929,,,
14.5145,,,
13.159,,,
12.0975,,,
11.3981,,,
10.9033,,,
10.4973,,,
10.1793,,,
9.9151,,,
9.6445,,,
9.3761,,,
9.1064,,,
9.4607,,,
14.8231,,,
20.8699,,,
26.6141,,,
31.1617,,,
34.25,,,
35.7074,,,
35.0833,,,
32.4468,,,
27.7208,,,
21.8891,,,
18.0722,,,
15.3987,,,
13.6663,,,
12.4552,,,
11.5258,,,
10.8325,,,
10.2746,,,
9.7629,,,
9.4903,,,
9.3275,,,
9.2867,,,
9.29,,,
9.28,,,
9.3682,,,
9.6433,,,
9.9877,,,
10.3184,,,
10.6147,,,
10.8028,,,
10.8477,,,
10.5928,,,
10.1351,,,
9.4962,,,
8.9181,,,
8.4426,,,
8.0339,,,
7.7129,,,
7.4423,,,
7.1675,,,
6.9248,,,
6.6853,,,
6.4275,,,
6.196,,,
5.9776,,,
5.7304,,,
5.5759,,,
5.4506,,,
5.4393,,,
5.619,,,
5.8633,,,
6.1028,,,
6.2713,,,
6.3329,,,
6.2244,,,
6.8435,,,
7.8862,,,
8.4499,,,
6.1566,,,
4.5487,,,
3.2465,,,
2.2758,,,
1.4732,,,
0.7568,,,
0.3868,,,
0.1696,,,
0.0487,,,
0.019,,,
0.0093,,,
0.017,,,
0.2893,,,
0.6729,,,
1.8621,,,
7.8372,,,
14.5131,,,
20.6922,,,
25.5488,,,
28.8958,,,
30.7129,,,
30.74,,,
28.4769,,,
24.0984,,,
17.8846,,,
13.7305,,,
10.6972,,,
8.9158,,,
7.819,,,
7.1188,,,
6.9177,,,
6.9812,,,
7.2266,,,
7.3292,,,
7.3586,,,
7.2706,,,
7.3377,,,
7.4847,,,
8.3259,,,
13.1602,,,
19.1388,,,
25.3441,,,
30.0463,,,
33.1271,,,
34.5026,,,
33.1803,,,
29.7133,,,
24.8047,,,
20.0441,,,
17.0226,,,
14.9717,,,
13.5627,,,
12.513,,,
11.6895,,,
10.7639,,,
9.7745,,,
8.6922,,,
7.9106,,,
7.2692,,,
6.7624,,,
6.5352,,,
6.4205,,,
6.8814,,,
7.9577,,,
8.4405,,,
8.3277,,,
8.2947,,,
8.227,,,
8.0549,,,
8.1682,,,
8.1395,,,
7.5813,,,
6.4105,,,
5.5118,,,
4.7812,,,
4.3823,,,
4.1283,,,
3.9645,,,
3.7859,,,
3.6029,,,
3.3213,,,
3.1422,,,
3.0027,,,
2.9052,,,
2.9953,,,
3.1841,,,
3.7304,,,
6.1402,,,
10.6806,,,
17.5761,,,
23.4468,,,
28.133,,,
31.3833,,,
30.0487,,,
25.72,,,
21.0244,,,
17.3361,,,
14.8062,,,
12.9452,,,
11.6853,,,
10.7558,,,
10.0167,,,
9.6024,,,
9.3685,,,
9.2547,,,
8.9137,,,
8.475,,,
7.9284,,,
7.8402,,,
7.9743,,,
8.9102,,,
12.8059,,,
17.3743,,,
21.893,,,
24.8007,,,
26.186,,,
26.038,,,
24.7925,,,
22.3884,,,
19.0735,,,
15.947,,,
13.9272,,,
12.5477,,,
11.5307,,,
10.7303,,,
10.0623,,,
9.7782,,,
9.7218,,,
9.7701,,,
9.5889,,,
9.2746,,,
8.8941,,,
8.8498,,,
9.0036,,,
10.0944,,,
15.3704,,,
21.1298,,,
26.3417,,,
30.4785,,,
33.2569,,,
34.6089,,,
33.475,,,
30.2136,,,
25.2314,,,
19.8058,,,
16.5573,,,
14.5343,,,
12.9069,,,
11.5542,,,
10.3293,,,
9.5357,,,
8.937,,,
8.4486,,,
8.2431,,,
8.1917,,,
8.2223,,,
8.4234,,,
8.7241,,,
9.6696,,,
13.4143,,,
18.5803,,,
24.4052,,,
27.8689,,,
29.3304,,,
28.9652,,,
28.6884,,,
27.5157,,,
24.9107,,,
20.6962,,,
17.7982,,,
15.6235,,,
14.1885,,,
13.1529,,,
12.4117,,,
12.1861,,,
12.2442,,,
12.4711,,,
12.3607,,,
12.077,,,
11.6854,,,
11.348,,,
11.0513,,,
11.2553,,,
14.0034,,,
19.2585,,,
26.0064,,,
31.2068,,,
34.8111,,,
36.7441,,,
33.8473,,,
28.4321,,,
23.7826,,,
20.35,,,
17.9597,,,
16.1994,,,
15.2787,,,
14.8436,,,
14.6074,,,
13.9312,,,
13.0523,,,
12.0544,,,
11.5927,,,
11.4217,,,
11.4571,,,
11.4918,,,
11.5307,,,
11.9514,,,
13.112,,,
14.9249,,,
17.2667,,,
17.5219,,,
16.713,,,
15.3305,,,
14.3781,,,
13.6283,,,
12.9622,,,
12.2833,,,
11.7274,,,
11.2648,,,
10.7674,,,
10.2386,,,
9.6712,,,
9.1859,,,
8.7049,,,
8.2326,,,
7.8473,,,
7.5074,,,
7.162,,,
6.8674,,,
6.5624,,,
6.4118,,,
6.8063,,,
7.6317,,,
8.7257,,,
10.6517,,,
13.9063,,,
17.872,,,
17.9635,,,
15.5308,,,
12.6173,,,
9.9555,,,
8.1052,,,
6.6751,,,
6.0816,,,
5.9316,,,
6.0935,,,
5.9129,,,
5.5421,,,
4.9969,,,
4.7081,,,
4.534,,,
4.4524,,,
4.5507,,,
4.7433,,,
5.1196,,,
6.5219,,,
10.9984,,,
18.3803,,,
23.6736,,,
27.077,,,
28.5148,,,
27.5873,,,
24.6955,,,
20.294,,,
15.313,,,
12.18,,,
10.0919,,,
8.9206,,,
8.2615,,,
7.9396,,,
7.746,,,
7.6102,,,
7.4895,,,
7.3823,,,
7.2639,,,
7.1205,,,
7.0339,,,
6.9594,,,
7.0422,,,
7.3605,,,
7.749,,,
8.1437,,,
9.4707,,,
11.707,,,
15.3953,,,
17.0654,,,
16.8674,,,
14.8949,,,
11.8556,,,
10.0149,,,
8.8527,,,
7.8683,,,
7.0011,,,
6.1147,,,
5.5555,,,
5.1755,,,
4.8771,,,
4.6577,,,
4.4695,,,
4.2799,,,
4.2307,,,
4.2289,,,
6.5344,,,
11.0848,,,
16.646,,,
21.9628,,,
26.1631,,,
28.9913,,,
30.343,,,
29.9074,,,
27.6,,,
23.0713,,,
17.006,,,
13.1009,,,
10.4237,,,
8.7724,,,
7.7107,,,
6.9681,,,
6.3689,,,
5.8215,,,
5.308,,,
5.0345,,,
4.8738,,,
4.7663,,,
4.8809,,,
5.1111,,,
7.5016,,,
11.4767,,,
15.7899,,,
19.5595,,,
23.8308,,,
27.8607,,,
30.4868,,,
30.8067,,,
29.0231,,,
24.8803,,,
19.0203,,,
15.2928,,,
12.7576,,,
11.1771,,,
10.1144,,,
9.3625,,,
9.0036,,,
8.864,,,
8.8714,,,
8.9448,,,
9.0201,,,
9.0915,,,
9.0777,,,
9.0331,,,
11.177,,,
15.4821,,,
20.8037,,,
26.0868,,,
29.9513,,,
32.293,,,
32.9802,,,
32.0634,,,
29.4388,,,
25.1981,,,
19.6937,,,
16.216,,,
13.8726,,,
12.3644,,,
11.3605,,,
10.6422,,,
10.0957,,,
9.6167,,,
9.1776,,,
8.8498,,,
8.5843,,,
8.3199,,,
8.1949,,,
8.1402,,,
10.4974,,,
14.5166,,,
19.1149,,,
23.3638,,,
24.2527,,,
21.9925,,,
19.1917,,,
17.031,,,
15.101,,,
13.2109,,,
11.4316,,,
10.1323,,,
9.0941,,,
8.3941,,,
7.8495,,,
7.383,,,
7.068,,,
6.8193,,,
6.5768,,,
6.3557,,,
6.146,,,
5.9125,,,
5.8362,,,
5.8285,,,
8.2138,,,
12.3974,,,
17.3107,,,
21.895,,,
25.6243,,,
28.1548,,,
29.2989,,,
28.5763,,,
26.0161,,,
21.8768,,,
16.5833,,,
13.2823,,,
11.1456,,,
9.6911,,,
8.6206,,,
7.6984,,,
7.0761,,,
6.6264,,,
6.2477,,,
6.0984,,,
6.0776,,,
6.1273,,,
6.335,,,
6.6367,,,
7.7615,,,
9.4298,,,
11.0763,,,
12.4315,,,
14.081,,,
15.8954,,,
17.6446,,,
20.0399,,,
21.6071,,,
21.1423,,,
17.4312,,,
14.8581,,,
12.9061,,,
11.6145,,,
10.7129,,,
10.025,,,
9.5349,,,
9.1255,,,
8.7463,,,
8.5245,,,
8.3681,,,
8.2459,,,
8.4651,,,
8.8364,,,
11.6873,,,
16.5644,,,
22.3029,,,
27.8644,,,
32.2127,,,
35.1934,,,
36.6507,,,
36.2028,,,
33.8227,,,
29.4527,,,
23.6992,,,
20.1072,,,
17.7711,,,
15.8521,,,
14.1834,,,
12.6769,,,
11.6886,,,
11.0139,,,
10.4545,,,
10.004,,,
9.5831,,,
9.18,,,
9.0095,,,
8.9514,,,
11.2262,,,
15.4877,,,
20.7355,,,
25.8189,,,
30.0126,,,
32.979,,,
34.5597,,,
34.2891,,,
32.311,,,
28.223,,,
22.2554,,,
18.3575,,,
15.6352,,,
13.7253,,,
12.3243,,,
11.1721,,,
10.4265,,,
9.9052,,,
9.5537,,,
9.314,,,
9.1142,,,
8.9206,,,
8.9046,,,
8.9999,,,
10.6214,,,
14.1545,,,
19.1174,,,
24.5572,,,
29.0309,,,
32.2763,,,
34.0929,,,
33.9873,,,
31.8957,,,
27.959,,,
22.2063,,,
18.2119,,,
15.2401,,,
13.5646,,,
12.5812,,,
12.0432,,,
11.8181,,,
11.7924,,,
11.9209,,,
12.0433,,,
12.1485,,,
12.2589,,,
12.4942,,,
12.8637,,,
14.0254,,,
16.5665,,,
20.8455,,,
26.2961,,,
30.2138,,,
32.6247,,,
33.4815,,,
32.1247,,,
29.129,,,
25.2237,,,
21.4322,,,
18.9682,,,
17.3171,,,
15.982,,,
14.8305,,,
13.7984,,,
13.1836,,,
12.7927,,,
12.5158,,,
12.1938,,,
11.8685,,,
11.5233,,,
11.5282,,,
11.8217,,,
14.3127,,,
18.6548,,,
23.881,,,
29.0135,,,
32.9669,,,
35.5823,,,
36.6724,,,
35.9135,,,
33.3621,,,
29.259,,,
24.2137,,,
21.7213,,,
19.7568,,,
18.1735,,,
16.8242,,,
15.5769,,,
14.4037,,,
13.2196,,,
12.2348,,,
11.4206,,,
10.7814,,,
10.3313,,,
10.1048,,,
9.8873,,,
9.8962,,,
11.0476,,,
14.0488,,,
19.8412,,,
24.0074,,,
26.6524,,,
27.7512,,,
24.3172,,,
19.9503,,,
16.3824,,,
13.8502,,,
12.0808,,,
10.7251,,,
9.9109,,,
9.3887,,,
9.0705,,,
8.8003,,,
8.5589,,,
8.3028,,,
7.9837,,,
7.5968,,,
7.1562,,,
6.9875,,,
7.0139,,,
7.8812,,,
10.2043,,,
14.3121,,,
19.6598,,,
23.7389,,,
26.3992,,,
27.5217,,,
27.2871,,,
25.4386,,,
21.9876,,,
17.187,,,
14.0128,,,
11.9584,,,
10.607,,,
9.6397,,,
8.91,,,
8.5045,,,
8.2428,,,
8.0626,,,
7.941,,,
7.8377,,,
7.7722,,,
7.9858,,,
8.4984,,,
10.9339,,,
15.2835,,,
20.6362,,,
26.0613,,,
30.2185,,,
33.0096,,,
34.2377,,,
33.7372,,,
31.5467,,,
27.8675,,,
22.684,,,
18.8583,,,
16.0334,,,
14.3592,,,
13.3301,,,
12.6923,,,
12.1686,,,
11.7209,,,
11.2622,,,
11.3496,,,
11.7466,,,
12.3269,,,
12.7894,,,
13.4182,,,
16.0202,,,
20.2177,,,
25.1387,,,
29.8444,,,
33.5613,,,
36.0326,,,
37.1286,,,
34.7603,,,
30.3691,,,
25.6468,,,
21.6131,,,
18.6966,,,
16.5685,,,
15.0803,,,
13.9591,,,
13.0569,,,
12.4903,,,
12.0926,,,
11.781,,,
11.5221,,,
11.2945,,,
11.0486,,,
10.9342,,,
10.9069,,,
11.0845,,,
11.4652,,,
11.9078,,,
12.3315,,,
12.5017,,,
12.433,,,
12.1414,,,
11.7349,,,
11.2041,,,
10.5306,,,
9.8958,,,
9.4367,,,
9.0863,,,
8.8362,,,
8.6262,,,
8.4241,,,
8.141,,,
7.7954,,,
7.3742,,,
7.1993,,,
7.1578,,,
7.1303,,,
7.1293,,,
7.3838,,,
9.5484,,,
13.4132,,,
18.0165,,,
22.4651,,,
26.0359,,,
28.3924,,,
29.37,,,
28.7089,,,
26.3215,,,
22.1971,,,
16.7725,,,
12.7644,,,
9.9758,,,
8.3179,,,
7.2867,,,
6.6168,,,
6.0973,,,
5.6722,,,
5.2702,,,
4.9834,,,
4.762,,,
4.5521,,,
4.6017,,,
4.9909,,,
6.7566,,,
10.6723,,,
16.2263,,,
22.2796,,,
26.559,,,
29.1721,,,
30.0932,,,
29.3739,,,
26.9959,,,
22.8777,,,
17.6969,,,
13.9716,,,
11.5349,,,
9.7896,,,
8.4599,,,
7.3418,,,
6.712,,,
6.3318,,,
6.0975,,,
6.424,,,
7.0204,,,
7.7987,,,
8.3362,,,
8.9227,,,
10.4636,,,
13.3109,,,
17.386,,,
22.1002,,,
25.2765,,,
26.9142,,,
27.0501,,,
24.5501,,,
21.0655,,,
17.8581,,,
15.4458,,,
13.8721,,,
12.9131,,,
12.2559,,,
11.8011,,,
11.4483,,,
10.9841,,,
10.4595,,,
9.7984,,,
9.2215,,,
8.6529,,,
8.0986,,,
7.9079,,,
8.2044,,,
10.3767,,,
14.3694,,,
19.1826,,,
23.93,,,
27.7928,,,
30.4742,,,
31.753,,,
31.3468,,,
29.1929,,,
25.5169,,,
20.9476,,,
17.6148,,,
15.4978,,,
13.8989,,,
12.6392,,,
11.5608,,,
10.9317,,,
10.5298,,,
10.2479,,,
10.2124,,,
10.2788,,,
10.4227,,,
10.6026,,,
11.0987,,,
12.8323,,,
16.0208,,,
20.3278,,,
25.0932,,,
27.9824,,,
29.0736,,,
28.576,,,
28.1559,,,
26.8994,,,
24.3592,,,
20.5382,,,
17.5555,,,
15.4823,,,
14.0553,,,
13.0061,,,
12.1784,,,
11.6724,,,
11.3475,,,
11.1183,,,
10.9598,,,
10.8445,,,
10.7695,,,
10.827,,,
11.2719,,,
12.9455,,,
15.4564,,,
17.9414,,,
19.7768,,,
21.3175,,,
22.4374,,,
22.9786,,,
22.5141,,,
21.218,,,
19.2708,,,
17.0355,,,
15.257,,,
13.9494,,,
13.0066,,,
12.26,,,
11.6086,,,
11.3092,,,
11.1855,,,
11.1887,,,
11.0295,,,
10.8049,,,
10.5509,,,
10.6148,,,
11.2196,,,
13.3849,,,
17.2087,,,
22.0357,,,
26.9735,,,
30.9839,,,
33.8094,,,
35.2908,,,
34.6088,,,
32.0482,,,
28.0721,,,
23.5554,,,
20.102,,,
17.7817,,,
16.1712,,,
14.9855,,,
14.0389,,,
13.5353,,,
13.2597,,,
13.1333,,,
13.0708,,,
13.0479,,,
13.0509,,,
13.3254,,,
14.1625,,,
16.684,,,
20.7839,,,
25.7269,,,
30.6198,,,
34.0194,,,
35.7394,,,
35.7399,,,
34.5156,,,
31.9746,,,
28.299,,,
23.9743,,,
20.53,,,
18.0778,,,
16.5513,,,
15.5516,,,
14.8867,,,
14.3535,,,
13.8859,,,
13.503,,,
13.1077,,,
12.6901,,,
12.274,,,
11.9101,,,
11.9657,,,
13.3432,,,
16.6055,,,
21.0212,,,
25.591,,,
29.2891,,,
31.8322,,,
33.0284,,,
32.6024,,,
30.4794,,,
26.8558,,,
22.2787,,,
18.6822,,,
16.2431,,,
14.8474,,,
14.033,,,
13.5793,,,
13.2466,,,
12.9961,,,
12.7922,,,
12.6831,,,
12.6279,,,
12.6038,,,
12.6873,,,
13.3233,,,
15.4239,,,
18.9569,,,
23.285,,,
27.533,,,
29.8689,,,
30.2937,,,
29.0236,,,
27.9114,,,
26.2352,,,
23.7696,,,
20.554,,,
17.9368,,,
16.1522,,,
14.9614,,,
14.0986,,,
13.4194,,,
12.9128,,,
12.5039,,,
12.0726,,,
11.913,,,
11.8649,,,
11.8891,,,
11.9942,,,
12.6814,,,
14.8109,,,
18.4236,,,
22.8771,,,
27.2785,,,
31.0268,,,
33.6853,,,
35.0239,,,
34.4922,,,
32.1374,,,
28.5226,,,
24.0106,,,
20.2092,,,
17.3639,,,
15.7931,,,
14.9538,,,
14.5413,,,
14.2668,,,
14.0813,,,
13.9908,,,
13.7657,,,
13.4685,,,
13.1456,,,
13.3873,,,
14.3307,,,
16.4584,,,
19.951,,,
24.565,,,
29.6481,,,
31.7228,,,
31.3148,,,
29.2351,,,
26.5893,,,
23.5564,,,
20.4674,,,
17.8167,,,
15.7663,,,
14.2173,,,
13.1989,,,
12.4802,,,
11.909,,,
11.5628,,,
11.3261,,,
11.1358,,,
11.013,,,
10.9091,,,
10.7622,,,
10.782,,,
11.3969,,,
13.1852,,,
16.3357,,,
20.4294,,,
24.6255,,,
26.5295,,,
26.2162,,,
24.3704,,,
23.148,,,
21.7679,,,
19.8453,,,
17.3304,,,
15.2305,,,
13.7093,,,
12.4967,,,
11.4393,,,
10.4738,,,
10.0916,,,
10.0047,,,
10.0831,,,
10.1772,,,
10.2507,,,
10.316,,,
10.4996,,,
11.3398,,,
13.44,,,
17.1328,,,
21.7496,,,
26.3905,,,
30.0524,,,
32.498,,,
33.5325,,,
33.0587,,,
31.0202,,,
27.5359,,,
23.0126,,,
19.2801,,,
16.6469,,,
14.9576,,,
13.8103,,,
12.9689,,,
12.5344,,,
12.2954,,,
12.1735,,,
11.9897,,,
11.7763,,,
11.5112,,,
11.8146,,,
13.0413,,,
15.6528,,,
19.7357,,,
24.6389,,,
29.5348,,,
33.3716,,,
35.917,,,
37.0746,,,
36.4169,,,
34.0844,,,
30.4137,,,
26.0559,,,
22.4656,,,
19.9038,,,
18.0065,,,
16.504,,,
15.2239,,,
14.4587,,,
13.9751,,,
13.6788,,,
13.5153,,,
13.4131,,,
13.3685,,,
13.4228,,,
14.1094,,,
15.9016,,,
19.2144,,,
23.5958,,,
28.0997,,,
31.2788,,,
32.807,,,
32.8177,,,
32.0078,,,
30.1874,,,
27.5441,,,
24.0997,,,
21.0671,,,
18.7647,,,
17.108,,,
15.8376,,,
14.7818,,,
14.0041,,,
13.3501,,,
12.8173,,,
12.4364,,,
12.1317,,,
11.8393,,,
11.7315,,,
11.7911,,,
12.0683,,,
12.792,,,
13.9319,,,
15.3789,,,
16.6002,,,
17.535,,,
18.1117,,,
18.4295,,,
18.3273,,,
17.6054,,,
16.0544,,,
14.5271,,,
13.2989,,,
12.5019,,,
11.9487,,,
11.539,,,
11.2225,,,
10.9615,,,
10.654,,,
10.5327,,,
10.4765,,,
10.4518,,,
10.7523,,,
11.8194,,,
13.9962,,,
17.4024,,,
21.4624,,,
25.3907,,,
26.4991,,,
25.5599,,,
23.5875,,,
22.8051,,,
22.2099,,,
20.8842,,,
18.5928,,,
16.5853,,,
15.2738,,,
14.3256,,,
13.5924,,,
12.9898,,,
12.549,,,
12.2178,,,
11.9148,,,
11.7347,,,
11.6035,,,
11.4863,,,
11.4134,,,
11.6202,,,
12.2354,,,
14.1931,,,
17.8242,,,
23.1417,,,
27.6718,,,
31.0867,,,
33.2186,,,
32.8234,,,
30.399,,,
26.4487,,,
22.1429,,,
18.6629,,,
16.2693,,,
14.765,,,
13.7964,,,
13.1296,,,
12.6445,,,
12.2849,,,
11.944,,,
11.7063,,,
11.5221,,,
11.3523,,,
11.5787,,,
12.6661,,,
14.7109,,,
17.4769,,,
20.1545,,,
22.0931,,,
24.034,,,
25.7665,,,
26.9679,,,
27.3475,,,
26.5698,,,
24.5403,,,
21.5696,,,
18.9729,,,
17.1078,,,
16.0954,,,
15.551,,,
15.3191,,,
14.8189,,,
14.1681,,,
13.4319,,,
12.8056,,,
12.2314,,,
11.6792,,,
11.7525,,,
12.9681,,,
15.1458,,,
18.9362,,,
23.8708,,,
29.0462,,,
33.4902,,,
36.8175,,,
38.851,,,
38.8746,,,
37.115,,,
33.8878,,,
29.6896,,,
26.0435,,,
23.3177,,,
21.6483,,,
20.5952,,,
19.8957,,,
19.0308,,,
18.0907,,,
17.1023,,,
16.5256,,,
16.1636,,,
15.933,,,
16.0703,,,
17.2598,,,
19.3349,,,
22.9463,,,
27.5569,,,
32.3027,,,
36.0058,,,
38.4035,,,
39.4172,,,
37.4745,,,
33.7741,,,
29.7741,,,
26.266,,,
23.4024,,,
21.342,,,
20.047,,,
19.2087,,,
18.6393,,,
18.0712,,,
17.5134,,,
16.9205,,,
16.1825,,,
15.3484,,,
14.4419,,,
14.3436,,,
15.5339,,,
17.6979,,,
20.8487,,,
24.5268,,,
27.9421,,,
30.6201,,,
32.2726,,,
32.8269,,,
31.2293,,,
28.3844,,,
25.0933,,,
22.0256,,,
19.4437,,,
17.5431,,,
16.2965,,,
15.4441,,,
14.813,,,
14.3004,,,
13.8554,,,
13.4183,,,
13.1551,,,
12.9685,,,
12.813,,,
12.9617,,,
14.1389,,,
16.0943,,,
19.7429,,,
24.5014,,,
29.4527,,,
33.2354,,,
35.6545,,,
36.6297,,,
36.1807,,,
34.221,,,
31.0418,,,
26.8461,,,
23.1608,,,
20.3612,,,
18.7698,,,
17.842,,,
17.333,,,
16.9193,,,
16.5577,,,
16.2626,,,
15.9345,,,
15.6037,,,
15.2369,,,
15.6076,,,
17.2613,,,
19.7937,,,
23.4573,,,
27.9791,,,
32.5624,,,
36.0223,,,
38.1642,,,
38.8574,,,
38.3408,,,
36.4876,,,
33.5478,,,
29.7635,,,
26.4326,,,
23.898,,,
22.0264,,,
20.5413,,,
19.2708,,,
18.5144,,,
18.0394,,,
17.7233,,,
17.4471,,,
17.2154,,,
16.9912,,,
17.4486,,,
19.1888,,,
21.7397,,,
25.2327,,,
29.4368,,,
33.5943,,,
36.4844,,,
37.969,,,
37.9651,,,
36.4015,,,
33.4264,,,
29.501,,,
25.5369,,,
22.7493,,,
20.3862,,,
18.5135,,,
17.0766,,,
16.0933,,,
15.4877,,,
15.2712,,,
15.2698,,,
15.4625,,,
15.6926,,,
15.8155,,,
15.6314,,,
16.8,,,
18.5482,,,
21.58,,,
25.5021,,,
29.5261,,,
32.5579,,,
34.3231,,,
34.7959,,,
33.5977,,,
31.2274,,,
28.3067,,,
25.1826,,,
22.3828,,,
20.2932,,,
19.041,,,
18.268,,,
17.7894,,,
17.4822,,,
17.2795,,,
17.1414,,,
16.9689,,,
16.7994,,,
16.6065,,,
16.8571,,,
18.0119,,,
19.9004,,,
21.9262,,,
23.8748,,,
25.3778,,,
26.2149,,,
26.385,,,
26.0347,,,
25.1673,,,
23.8495,,,
22.178,,,
20.3334,,,
18.5452,,,
17.1614,,,
16.2922,,,
15.7122,,,
15.3071,,,
14.8859,,,
14.4626,,,
14.017,,,
13.785,,,
13.6483,,,
13.5543,,,
13.4878,,,
13.5747,,,
13.8064,,,
14.2866,,,
14.8486,,,
15.4062,,,
16.7114,,,
18.4359,,,
20.295,,,
20.8306,,,
20.3721,,,
19.1786,,,
17.464,,,
15.7415,,,
14.444,,,
13.5809,,,
12.9354,,,
12.4259,,,
12.0149,,,
11.6593,,,
11.3017,,,
11.0812,,,
10.9177,,,
10.767,,,
10.8613,,,
11.9569,,,
13.6038,,,
16.3127,,,
19.7438,,,
23.2301,,,
25.8539,,,
27.3829,,,
27.8214,,,
26.9538,,,
25.0536,,,
22.5763,,,
19.9262,,,
17.5678,,,
15.8981,,,
14.7448,,,
13.917,,,
13.2664,,,
12.7593,,,
12.3006,,,
11.8707,,,
11.6454,,,
11.5141,,,
11.4227,,,
11.6631,,,
13.0218,,,
14.9106,,,
18.0556,,,
22.1149,,,
26.3055,,,
29.7473,,,
32.1031,,,
33.1864,,,
32.2135,,,
29.6473,,,
26.3918,,,
23.03,,,
20.1119,,,
18.0533,,,
16.7194,,,
15.8189,,,
15.1232,,,
14.6539,,,
14.3338,,,
14.0592,,,
13.7572,,,
13.4242,,,
13.0943,,,
13.4591,,,
15.2126,,,
17.5707,,,
21.0212,,,
25.3665,,,
29.8333,,,
32.9735,,,
34.5726,,,
34.7396,,,
33.2893,,,
30.6997,,,
27.5942,,,
24.6089,,,
22.0431,,,
20.3391,,,
19.0967,,,
18.1277,,,
17.2671,,,
16.7086,,,
16.3349,,,
16.0574,,,
15.8415,,,
15.6625,,,
15.5054,,,
15.5311,,,
16.6275,,,
18.1594,,,
20.6542,,,
23.934,,,
27.2588,,,
29.6327,,,
30.8041,,,
30.8231,,,
30.2214,,,
28.6784,,,
26.338,,,
23.4448,,,
20.741,,,
18.734,,,
17.2269,,,
15.9996,,,
14.9498,,,
14.2122,,,
13.6811,,,
13.2223,,,
12.945,,,
12.7512,,,
12.5901,,,
12.8601,,,
14.4039,,,
16.4012,,,
19.6249,,,
23.8106,,,
28.192,,,
31.6771,,,
33.9263,,,
34.8827,,,
34.3501,,,
32.4192,,,
29.591,,,
26.3994,,,
23.6199,,,
21.6692,,,
20.2161,,,
19.0789,,,
18.0742,,,
17.3526,,,
16.7718,,,
16.2948,,,
15.9976,,,
15.7996,,,
15.6721,,,
15.7405,,,
16.5337,,,
17.8887,,,
19.8617,,,
22.1652,,,
24.4736,,,
27.3154,,,
30.2933,,,
32.8494,,,
33.2372,,,
31.9035,,,
29.4525,,,
26.6767,,,
24.1601,,,
22.436,,,
21.4051,,,
20.7732,,,
20.3064,,,
19.9749,,,
19.7299,,,
19.538,,,
19.109,,,
18.5388,,,
17.897,,,
17.645,,,
18.6181,,,
19.9769,,,
22.2518,,,
25.2025,,,
27.9916,,,
29.8818,,,
30.6582,,,
30.4203,,,
29.3881,,,
27.5739,,,
25.1572,,,
22.6561,,,
20.35,,,
18.8011,,,
17.7097,,,
16.8731,,,
16.1619,,,
15.6855,,,
15.3604,,,
15.1455,,,
14.9647,,,
14.8026,,,
14.6811,,,
14.5626,,,
14.6371,,,
14.8508,,,
15.2579,,,
15.7132,,,
16.1624,,,
17.121,,,
18.3384,,,
19.5513,,,
20.0303,,,
19.9561,,,
19.44,,,
18.5316,,,
17.5342,,,
16.879,,,
16.2815,,,
15.7132,,,
15.1223,,,
14.9443,,,
15.0056,,,
15.1966,,,
15.4425,,,
15.5583,,,
15.6128,,,
15.697,,,
16.8009,,,
18.4269,,,
20.8741,,,
24.0716,,,
27.3894,,,
30.1737,,,
30.3681,,,
28.81,,,
26.4065,,,
24.2282,,,
22.0912,,,
19.9563,,,
18.1856,,,
17.0548,,,
16.2933,,,
15.7546,,,
15.3661,,,
15.0486,,,
14.7206,,,
14.3757,,,
14.0342,,,
13.7483,,,
13.5074,,,
13.2821,,,
13.2839,,,
13.4602,,,
13.7318,,,
14.0974,,,
14.4604,,,
14.7583,,,
15.5969,,,
16.627,,,
17.5639,,,
18.3611,,,
18.2628,,,
17.2439,,,
15.8249,,,
14.7727,,,
13.9908,,,
13.4106,,,
12.9626,,,
12.5238,,,
12.0706,,,
11.5975,,,
11.0961,,,
10.645,,,
10.1834,,,
9.777,,,
10.8615,,,
12.5303,,,
15.2374,,,
18.8334,,,
22.6099,,,
25.8728,,,
27.9082,,,
28.6365,,,
27.9695,,,
25.9734,,,
23.0525,,,
20.2896,,,
17.8348,,,
16.1184,,,
14.8827,,,
14.0153,,,
13.3446,,,
12.8139,,,
12.3614,,,
11.9548,,,
11.5423,,,
11.2991,,,
11.1257,,,
11.007,,,
12.3974,,,
14.1624,,,
16.9852,,,
20.732,,,
24.6717,,,
28.1286,,,
30.466,,,
31.564,,,
31.2617,,,
29.3775,,,
26.4191,,,
23.6044,,,
20.7801,,,
18.5298,,,
16.6542,,,
15.2902,,,
14.226,,,
13.3226,,,
12.8467,,,
12.5831,,,
12.4674,,,
12.2708,,,
12.053,,,
11.8374,,,
13.1316,,,
14.7439,,,
17.3931,,,
21.1032,,,
25.0663,,,
28.5811,,,
30.5526,,,
31.0787,,,
30.4416,,,
28.8767,,,
26.6143,,,
24.2691,,,
21.7443,,,
19.7653,,,
18.1258,,,
17.1584,,,
16.5615,,,
16.2058,,,
15.9438,,,
15.7568,,,
15.6014,,,
15.2718,,,
14.8537,,,
14.3956,,,
15.6618,,,
17.3698,,,
20.1553,,,
23.8342,,,
27.7449,,,
31.1574,,,
33.3901,,,
34.3341,,,
33.8721,,,
31.9198,,,
28.9582,,,
26.2136,,,
23.7275,,,
21.9266,,,
20.5975,,,
19.3668,,,
18.2219,,,
17.106,,,
16.311,,,
15.7044,,,
15.1933,,,
14.8057,,,
14.508,,,
14.3138,,,
15.7525,,,
17.5842,,,
20.4511,,,
24.291,,,
28.3825,,,
32.0406,,,
34.4513,,,
35.5898,,,
35.2955,,,
33.2749,,,
30.4364,,,
27.8511,,,
25.4649,,,
23.7751,,,
22.5913,,,
21.6707,,,
20.909,,,
20.1903,,,
19.6115,,,
19.1128,,,
18.7216,,,
18.4187,,,
18.1783,,,
18.0232,,,
18.4809,,,
19.3227,,,
20.4167,,,
22.4107,,,
25.0211,,,
27.9269,,,
29.375,,,
29.7041,,,
29.1677,,,
28.5503,,,
27.1932,,,
25.4085,,,
23.2661,,,
21.4537,,,
19.8832,,,
18.9236,,,
18.2976,,,
17.9006,,,
17.3595,,,
16.7668,,,
16.117,,,
15.6546,,,
15.3092,,,
15.1128,,,
16.3283,,,
18.006,,,
20.1994,,,
22.6975,,,
25.4346,,,
28.0472,,,
30.1006,,,
31.3032,,,
31.4259,,,
30.1004,,,
27.846,,,
25.6002,,,
23.4388,,,
21.8201,,,
20.6676,,,
19.7611,,,
18.9998,,,
18.3212,,,
17.7617,,,
17.2483,,,
16.7784,,,
16.3842,,,
16.0504,,,
15.814,,,
16.7695,,,
18.1631,,,
19.9778,,,
22.5317,,,
25.5654,,,
28.5877,,,
30.5308,,,
31.3427,,,
30.821,,,
28.2629,,,
25.1681,,,
22.2496,,,
20.1825,,,
18.7822,,,
17.7386,,,
17.0643,,,
16.6256,,,
16.3299,,,
15.9468,,,
15.5048,,,
15.0253,,,
14.6911,,,
14.4489,,,
14.3783,,,
15.7839,,,
17.4834,,,
20.0716,,,
23.5693,,,
27.3575,,,
30.701,,,
32.9635,,,
34.0224,,,
33.7197,,,
32.0064,,,
29.3809,,,
27.1096,,,
24.8577,,,
23.014,,,
21.5764,,,
20.6058,,,
19.88,,,
19.3219,,,
18.6915,,,
18.0456,,,
17.3693,,,
16.895,,,
16.5444,,,
16.4026,,,
17.7606,,,
19.5004,,,
21.9161,,,
24.9482,,,
28.1825,,,
31.0583,,,
32.3682,,,
32.4358,,,
31.6386,,,
30.6777,,,
29.3477,,,
27.8839,,,
25.8573,,,
24.149,,,
22.7036,,,
21.7033,,,
20.9306,,,
20.3275,,,
19.7398,,,
19.1662,,,
18.524,,,
17.8755,,,
17.2255,,,
16.7557,,,
18.0584,,,
19.8837,,,
22.5188,,,
26.0967,,,
29.961,,,
33.4275,,,
35.5393,,,
36.3628,,,
35.8954,,,
33.7797,,,
31.2097,,,
28.6702,,,
26.4619,,,
24.8725,,,
23.6634,,,
22.7177,,,
21.932,,,
21.2275,,,
20.8064,,,
20.5379,,,
20.3602,,,
20.0875,,,
19.751,,,
19.5471,,,
20.7887,,,
22.5971,,,
24.9699,,,
28.1783,,,
31.6473,,,
34.7248,,,
36.7059,,,
37.4832,,,
37.0029,,,
34.7692,,,
32.0938,,,
29.4155,,,
27.2179,,,
25.8023,,,
24.9531,,,
24.2559,,,
23.6406,,,
23.0896,,,
22.4507,,,
21.7482,,,
20.9583,,,
20.4494,,,
20.0921,,,
20.0185,,,
21.4453,,,
23.2175,,,
25.7476,,,
28.9824,,,
32.372,,,
35.2895,,,
37.0694,,,
37.671,,,
37.0908,,,
35.3286,,,
32.8465,,,
30.5533,,,
28.3801,,,
26.6252,,,
25.3048,,,
23.9231,,,
22.5276,,,
21.1187,,,
20.4816,,,
20.2494,,,
20.2656,,,
19.8066,,,
19.1043,,,
18.4737,,,
19.7078,,,
21.4664,,,
24.0844,,,
27.2904,,,
30.5541,,,
33.3167,,,
35.0551,,,
35.7262,,,
35.2913,,,
33.7722,,,
31.6242,,,
29.6149,,,
27.5024,,,
25.7459,,,
24.3683,,,
23.2386,,,
22.2378,,,
21.3125,,,
20.4674,,,
19.6836,,,
18.9108,,,
18.373,,,
17.9618,,,
17.8637,,,
19.1495,,,
20.7598,,,
22.9094,,,
25.7603,,,
28.8492,,,
31.5669,,,
33.0526,,,
33.3773,,,
32.7848,,,
31.1131,,,
28.9183,,,
26.6251,,,
24.5857,,,
23.0929,,,
22.0088,,,
21.0451,,,
20.1427,,,
19.2926,,,
18.5874,,,
17.9459,,,
17.3567,,,
17.0928,,,
16.9869,,,
17.0386,,,
17.4847,,,
18.4179,,,
19.7824,,,
21.059,,,
22.1597,,,
23.0144,,,
23.0752,,,
22.5388,,,
21.6595,,,
20.9425,,,
20.2768,,,
19.633,,,
18.9347,,,
18.3648,,,
17.9068,,,
17.6152,,,
17.4181,,,
17.2644,,,
17.0461,,,
16.8119,,,
16.498,,,
16.2201,,,
15.9807,,,
16.023,,,
17.4207,,,
19.1009,,,
21.3829,,,
24.4497,,,
27.7505,,,
30.6639,,,
32.5847,,,
33.4101,,,
32.9626,,,
31.2238,,,
28.7442,,,
26.6965,,,
25.2302,,,
23.3899,,,
21.7168,,,
20.2366,,,
18.9634,,,
17.8824,,,
17.0068,,,
16.3325,,,
15.8143,,,
15.3824,,,
14.9847,,,
14.8676,,,
16.1219,,,
17.642,,,
19.7659,,,
22.7637,,,
26.1187,,,
29.1255,,,
31.2394,,,
32.2727,,,
32.0576,,,
30.3557,,,
27.8305,,,
25.7469,,,
23.5766,,,
21.6053,,,
20.0212,,,
18.7054,,,
17.5277,,,
16.4491,,,
15.6992,,,
15.1412,,,
14.6828,,,
14.3373,,,
14.0536,,,
14.0802,,,
15.4933,,,
17.2078,,,
19.4984,,,
22.4896,,,
25.7288,,,
28.5831,,,
30.5736,,,
31.4987,,,
31.204,,,
29.5715,,,
27.1895,,,
25.3201,,,
23.3397,,,
21.5089,,,
20.0817,,,
19.0073,,,
18.1354,,,
17.3759,,,
16.794,,,
16.2934,,,
15.8581,,,
15.514,,,
15.236,,,
15.3079,,,
16.802,,,
18.6148,,,
21.0025,,,
24.2904,,,
27.9228,,,
31.2607,,,
33.2819,,,
34.0015,,,
33.4254,,,
31.6164,,,
29.2948,,,
27.3633,,,
25.2558,,,
23.3079,,,
21.74,,,
20.658,,,
19.832,,,
19.152,,,
18.478,,,
17.8318,,,
17.1843,,,
16.7915,,,
16.5329,,,
16.699,,,
18.1412,,,
19.8431,,,
22.0438,,,
25.0622,,,
28.4089,,,
31.4235,,,
33.4311,,,
34.3162,,,
34.0652,,,
32.5021,,,
30.412,,,
28.5711,,,
26.4825,,,
24.6358,,,
23.1913,,,
22.113,,,
21.2432,,,
20.4796,,,
19.953,,,
19.5732,,,
19.2457,,,
18.8981,,,
18.5587,,,
18.5678,,,
19.586,,,
20.8407,,,
22.3732,,,
24.4178,,,
26.5247,,,
28.2861,,,
29.4079,,,
29.8295,,,
29.4849,,,
28.2694,,,
26.5441,,,
24.6749,,,
22.9404,,,
21.6338,,,
20.7273,,,
20.0735,,,
19.5865,,,
19.1805,,,
18.8949,,,
18.6917,,,
18.5196,,,
18.3307,,,
18.155,,,
18.1044,,,
18.3722,,,
18.6838,,,
18.7689,,,
19.473,,,
20.5811,,,
21.901,,,
22.8129,,,
23.3493,,,
23.4949,,,
23.0753,,,
22.2658,,,
21.1899,,,
20.0426,,,
19.2058,,,
18.6864,,,
18.2552,,,
17.9031,,,
17.5161,,,
17.1991,,,
16.941,,,
16.6767,,,
16.3132,,,
15.8988,,,
15.8576,,,
17.0219,,,
18.4292,,,
20.2534,,,
22.7661,,,
25.5037,,,
27.8906,,,
28.7726,,,
28.4957,,,
27.2851,,,
26.7631,,,
25.6097,,,
24.2615,,,
22.7657,,,
21.3473,,,
20.3236,,,
19.5707,,,
18.9976,,,
18.4808,,,
18.0067,,,
17.5616,,,
17.1213,,,
16.6597,,,
16.1679,,,
16.0867,,,
17.0723,,,
18.4264,,,
19.5849,,,
21.8583,,,
24.6516,,,
27.9001,,,
30.2567,,,
31.5577,,,
31.692,,,
30.3517,,,
28.5233,,,
26.9668,,,
25.0567,,,
23.2691,,,
21.8651,,,
20.9627,,,
20.3611,,,
19.9228,,,
19.3952,,,
18.8259,,,
18.1803,,,
17.7894,,,
17.5348,,,
17.6102,,,
18.1899,,,
19.0839,,,
20.1327,,,
21.407,,,
22.6772,,,
23.816,,,
24.561,,,
24.9235,,,
24.9324,,,
24.1556,,,
22.999,,,
21.768,,,
20.6647,,,
19.7677,,,
19.075,,,
18.6213,,,
18.302,,,
18.0435,,,
17.7881,,,
17.5213,,,
17.205,,,
17.0689,,,
17.0137,,,
17.4612,,,
18.6952,,,
20.1181,,,
21.6841,,,
23.779,,,
26.0983,,,
28.2226,,,
28.867,,,
28.4056,,,
27.0482,,,
26.2104,,,
25.0547,,,
23.5951,,,
21.8947,,,
20.3409,,,
19.1856,,,
18.3721,,,
17.7392,,,
17.2308,,,
16.9162,,,
16.7093,,,
16.5817,,,
16.4891,,,
16.4167,,,
16.603,,,
17.3147,,,
18.2187,,,
19.1015,,,
20.5169,,,
22.2032,,,
23.9429,,,
24.9839,,,
25.4222,,,
25.3112,,,
24.4925,,,
23.2891,,,
21.9235,,,
20.4692,,,
19.2572,,,
18.3427,,,
17.7916,,,
17.4448,,,
17.2399,,,
17.0689,,,
16.937,,,
16.7301,,,
16.431,,,
16.0721,,,
16.1534,,,
17.3916,,,
18.8792,,,
20.6634,,,
22.9828,,,
25.4735,,,
27.6689,,,
28.9495,,,
29.25,,,
28.5429,,,
26.8308,,,
24.7535,,,
22.975,,,
21.0409,,,
19.4456,,,
18.3447,,,
17.5191,,,
16.8459,,,
16.278,,,
15.8936,,,
15.6106,,,
15.3891,,,
15.3409,,,
15.3701,,,
15.7612,,,
17.1615,,,
18.8738,,,
20.7172,,,
22.6621,,,
24.1992,,,
24.4653,,,
25.3297,,,
26.2623,,,
26.4889,,,
25.9514,,,
24.7792,,,
23.3862,,,
21.8214,,,
20.5044,,,
19.4467,,,
18.5905,,,
17.8518,,,
17.177,,,
16.7699,,,
16.5076,,,
16.3033,,,
16.0063,,,
15.65,,,
15.7699,,,
17.2554,,,
19.1391,,,
21.3514,,,
24.1088,,,
27.1404,,,
29.8967,,,
31.7914,,,
32.6764,,,
32.4091,,,
30.8234,,,
28.7677,,,
27.1965,,,
25.4953,,,
23.7984,,,
22.4944,,,
21.4156,,,
20.4578,,,
19.569,,,
18.9039,,,
18.3798,,,
17.9203,,,
17.5696,,,
17.2941,,,
17.5582,,,
19.1587,,,
21.1417,,,
23.4426,,,
26.2206,,,
29.2572,,,
32.0076,,,
33.8179,,,
34.5974,,,
34.2372,,,
32.5643,,,
30.4854,,,
28.7792,,,
27.0043,,,
25.2617,,,
23.9313,,,
22.8034,,,
21.7831,,,
20.8171,,,
20.1273,,,
19.5702,,,
19.1122,,,
18.7621,,,
18.4877,,,
18.7678,,,
20.3014,,,
22.1826,,,
24.3352,,,
27.0982,,,
30.2229,,,
33.0985,,,
34.808,,,
35.3295,,,
34.763,,,
33.0528,,,
30.8912,,,
29.0394,,,
27.2317,,,
25.4779,,,
24.1623,,,
23.0386,,,
22.0192,,,
21.0804,,,
20.5593,,,
20.2421,,,
20.0577,,,
19.8464,,,
19.6108,,,
19.9041,,,
21.428,,,
23.2787,,,
25.3173,,,
27.855,,,
30.6859,,,
33.2437,,,
34.4916,,,
34.5672,,,
33.6392,,,
32.1964,,,
30.5608,,,
29.2132,,,
27.5634,,,
25.9508,,,
24.7078,,,
23.6792,,,
22.7993,,,
21.9929,,,
21.4821,,,
21.1466,,,
20.895,,,
20.6142,,,
20.3024,,,
20.5037,,,
21.9564,,,
23.7699,,,
25.7275,,,
28.1255,,,
30.76,,,
33.1584,,,
34.7179,,,
35.3069,,,
34.8555,,,
33.3555,,,
31.5198,,,
29.9595,,,
28.1179,,,
26.3322,,,
24.9134,,,
23.9872,,,
23.3217,,,
22.8143,,,
22.4344,,,
22.1493,,,
21.9009,,,
21.6754,,,
21.4651,,,
21.8107,,,
23.0761,,,
24.5696,,,
26.1311,,,
28.229,,,
30.6262,,,
32.8358,,,
33.8487,,,
33.7881,,,
32.861,,,
31.5231,,,
30.0356,,,
28.6719,,,
26.8167,,,
25.0605,,,
23.6768,,,
22.8477,,,
22.3304,,,
21.9515,,,
21.6721,,,
21.4765,,,
21.3115,,,
20.8759,,,
20.3143,,,
20.219,,,
21.4692,,,
23.1193,,,
25.0123,,,
27.4703,,,
30.3087,,,
32.9362,,,
34.8524,,,
35.8644,,,
35.831,,,
34.4162,,,
32.5667,,,
31.0616,,,
29.4179,,,
27.6502,,,
26.2733,,,
25.3875,,,
24.7814,,,
24.3342,,,
23.84,,,
23.345,,,
22.8273,,,
22.2606,,,
21.6725,,,
21.6386,,,
23.0534,,,
24.93,,,
27.0989,,,
29.5606,,,
32.2155,,,
34.5842,,,
36.037,,,
36.4892,,,
35.9166,,,
34.3607,,,
32.5513,,,
31.0454,,,
28.8808,,,
26.7186,,,
24.8705,,,
23.4733,,,
22.3117,,,
21.2917,,,
20.6782,,,
20.2871,,,
20.0477,,,
19.6619,,,
19.2074,,,
19.2452,,,
20.5941,,,
22.3575,,,
24.2859,,,
26.6425,,,
29.2597,,,
31.6673,,,
32.3777,,,
31.9214,,,
30.2929,,,
28.8669,,,
27.4589,,,
26.0385,,,
24.5638,,,
23.3274,,,
22.4048,,,
21.5811,,,
20.8448,,,
20.109,,,
19.6606,,,
19.3655,,,
19.1846,,,
18.9544,,,
18.721,,,
19.0227,,,
20.5387,,,
22.4005,,,
24.3869,,,
26.824,,,
29.5876,,,
32.1389,,,
33.5534,,,
33.9317,,,
33.3469,,,
31.9562,,,
30.5069,,,
28.9612,,,
27.1614,,,
25.5517,,,
24.3875,,,
23.5397,,,
22.8578,,,
22.1995,,,
21.4158,,,
20.5746,,,
19.6974,,,
19.0714,,,
18.6001,,,
18.7976,,,
20.3228,,,
22.265,,,
24.4367,,,
27.0052,,,
29.8889,,,
32.5392,,,
34.2394,,,
34.9264,,,
34.5456,,,
33.169,,,
31.541,,,
30.25,,,
28.7422,,,
27.092,,,
25.7901,,,
24.7603,,,
23.9119,,,
23.1309,,,
22.374,,,
21.6503,,,
20.9264,,,
20.371,,,
19.8932,,,
20.0786,,,
21.5591,,,
23.461,,,
25.4856,,,
28.0882,,,
31.0981,,,
33.9894,,,
35.5048,,,
35.8255,,,
35.1569,,,
33.8785,,,
32.368,,,
31.0962,,,
29.5072,,,
27.7051,,,
26.2478,,,
25.1615,,,
24.3067,,,
23.5497,,,
22.9609,,,
22.4862,,,
22.0741,,,
21.6331,,,
21.1855,,,
21.3105,,,
22.4511,,,
23.8469,,,
25.2968,,,
27.3998,,,
29.9697,,,
32.4532,,,
33.8284,,,
34.1965,,,
33.6955,,,
32.4819,,,
31.0414,,,
29.9122,,,
28.5094,,,
26.8464,,,
25.5401,,,
24.5076,,,
23.6343,,,
22.8412,,,
22.2115,,,
21.6701,,,
21.1915,,,
20.9657,,,
20.8672,,,
21.3096,,,
22.7696,,,
24.5301,,,
26.2262,,,
28.0866,,,
29.932,,,
31.3813,,,
31.9495,,,
31.7897,,,
30.9882,,,
29.7102,,,
28.1691,,,
26.5076,,,
24.9729,,,
23.7745,,,
23.0096,,,
22.5056,,,
22.1735,,,
21.9275,,,
21.7323,,,
21.5672,,,
21.4177,,,
21.2793,,,
21.1668,,,
21.2888,,,
22.0859,,,
23.4118,,,
24.9446,,,
26.5551,,,
28.1411,,,
29.4863,,,
30.4623,,,
31,,,
31.0592,,,
30.0947,,,
28.5739,,,
26.7465,,,
25.0339,,,
23.6293,,,
22.6621,,,
22.0741,,,
21.7069,,,
21.3961,,,
21.0688,,,
20.7255,,,
20.4663,,,
20.2345,,,
20.0359,,,
20.2386,,,
21.2919,,,
22.7207,,,
24.2681,,,
25.9454,,,
27.6714,,,
29.2927,,,
30.3111,,,
30.7408,,,
30.6099,,,
29.7543,,,
28.4665,,,
26.9761,,,
25.3925,,,
24.0001,,,
22.976,,,
22.2057,,,
21.5846,,,
21.05,,,
20.6895,,,
20.4247,,,
20.2158,,,
20.075,,,
19.9776,,,
20.2381,,,
21.1364,,,
22.2992,,,
23.4515,,,
25.3968,,,
27.4747,,,
29.6599,,,
31.3545,,,
32.3131,,,
32.3337,,,
31.2344,,,
29.82,,,
28.7521,,,
27.5372,,,
26.0957,,,
25.0091,,,
24.031,,,
23.1471,,,
22.3014,,,
21.6468,,,
21.0934,,,
20.5985,,,
20.2612,,,
20.0168,,,
20.4733,,,
22.0116,,,
23.8308,,,
25.7796,,,
28.1846,,,
30.9988,,,
33.7019,,,
35.4288,,,
36.111,,,
35.6926,,,
34.2917,,,
32.6092,,,
31.3701,,,
29.568,,,
27.6471,,,
26.1602,,,
24.9305,,,
23.8577,,,
22.8476,,,
21.775,,,
20.9075,,,
20.2978,,,
19.8247,,,
19.5093,,,
19.4421,,,
19.6925,,,
20.4361,,,
21.5956,,,
23.7043,,,
25.9773,,,
28.4557,,,
30.1507,,,
30.9569,,,
30.8005,,,
29.7059,,,
28.3613,,,
27.2831,,,
25.9087,,,
24.206,,,
22.8162,,,
21.9841,,,
21.4656,,,
21.1379,,,
20.7716,,,
20.375,,,
19.9768,,,
19.6943,,,
19.4945,,,
19.9777,,,
21.5379,,,
23.4426,,,
25.388,,,
27.583,,,
30.132,,,
32.5699,,,
34.0885,,,
34.6276,,,
34.2161,,,
33.0248,,,
31.7207,,,
30.0251,,,
28.2169,,,
26.6366,,,
25.4055,,,
24.5218,,,
23.8373,,,
23.27,,,
22.7893,,,
22.3736,,,
21.8944,,,
21.4408,,,
21.0136,,,
21.2417,,,
22.6393,,,
24.4159,,,
26.2521,,,
28.4583,,,
31.0391,,,
33.4964,,,
35.0411,,,
35.6778,,,
35.4223,,,
34.2635,,,
32.9014,,,
31.6481,,,
30.2227,,,
28.7918,,,
27.7842,,,
26.6278,,,
25.3992,,,
24.1166,,,
23.1489,,,
22.3418,,,
21.6217,,,
21.1162,,,
20.7506,,,
21.1134,,,
22.3887,,,
23.8793,,,
25.4267,,,
26.902,,,
28.3864,,,
29.5451,,,
30.7782,,,
31.7197,,,
31.9875,,,
31.1191,,,
29.8925,,,
28.9492,,,
27.6437,,,
25.9676,,,
24.5927,,,
23.7094,,,
23.1013,,,
22.6373,,,
22.1572,,,
21.6776,,,
21.1969,,,
20.8335,,,
20.5537,,,
20.9818,,,
22.4921,,,
24.3039,,,
26.2355,,,
28.3034,,,
30.6437,,,
32.8067,,,
34.3449,,,
35.0553,,,
34.7787,,,
33.4929,,,
31.9342,,,
30.7577,,,
29.3283,,,
27.5553,,,
26.1206,,,
25.1198,,,
24.346,,,
23.7375,,,
23.2493,,,
22.8123,,,
22.4234,,,
22.0614,,,
21.7045,,,
22.0278,,,
23.4895,,,
25.33,,,
27.2836,,,
29.4101,,,
31.7864,,,
34.0029,,,
34.9174,,,
34.9437,,,
34.1462,,,
33.4642,,,
32.5267,,,
31.5552,,,
30.1682,,,
28.6038,,,
27.3772,,,
26.2728,,,
25.253,,,
24.2517,,,
23.5061,,,
22.8805,,,
22.3583,,,
22.0024,,,
21.7478,,,
22.2202,,,
23.7569,,,
25.5878,,,
27.5297,,,
29.491,,,
31.6605,,,
33.6514,,,
34.8493,,,
35.2811,,,
35.067,,,
33.95,,,
32.4378,,,
30.9285,,,
29.0885,,,
27.0467,,,
25.4093,,,
24.3227,,,
23.5237,,,
22.9385,,,
22.5805,,,
22.3491,,,
22.1939,,,
22.0865,,,
22.0129,,,
22.2134,,,
23.0557,,,
24.4085,,,
25.9061,,,
27.7317,,,
29.6732,,,
31.7899,,,
32.5717,,,
32.3415,,,
31.2317,,,
30.152,,,
28.9845,,,
27.7617,,,
26.3446,,,
25.105,,,
24.308,,,
23.7781,,,
23.4101,,,
23.1225,,,
22.6461,,,
22.0936,,,
21.5048,,,
21.0846,,,
20.7696,,,
20.8578,,,
21.6035,,,
22.5873,,,
23.5692,,,
24.9411,,,
26.4048,,,
27.7978,,,
27.967,,,
26.9775,,,
25.2906,,,
24.0533,,,
23.0475,,,
22.1422,,,
21.2996,,,
20.6254,,,
20.1355,,,
19.7562,,,
19.4582,,,
19.1919,,,
18.9802,,,
18.7987,,,
18.6352,,,
18.5172,,,
18.424,,,
18.4585,,,
18.5993,,,
18.8394,,,
19.1022,,,
19.5293,,,
20.0081,,,
20.453,,,
21.7345,,,
23.3132,,,
24.3996,,,
24.5211,,,
24.0657,,,
23.2795,,,
21.9895,,,
20.6615,,,
19.6253,,,
18.8689,,,
18.2615,,,
17.7669,,,
17.3865,,,
17.0857,,,
16.828,,,
16.6534,,,
16.5392,,,
17.1302,,,
18.6865,,,
20.4959,,,
22.3855,,,
24.4168,,,
26.7273,,,
28.9097,,,
30.41,,,
31.0865,,,
30.8055,,,
29.635,,,
28.3356,,,
27.3781,,,
26.0617,,,
24.3569,,,
22.9491,,,
21.9949,,,
21.2792,,,
20.7262,,,
20.1306,,,
19.5329,,,
18.909,,,
18.6166,,,
18.5305,,,
19.2153,,,
20.8886,,,
22.8446,,,
24.8466,,,
26.935,,,
29.319,,,
31.5826,,,
32.7988,,,
33.0653,,,
32.5229,,,
31.3316,,,
29.8345,,,
28.0024,,,
26.3212,,,
24.982,,,
24.1322,,,
23.3573,,,
22.6441,,,
21.9674,,,
21.5662,,,
21.3096,,,
21.143,,,
21.0288,,,
20.9552,,,
21.5084,,,
22.995,,,
24.6628,,,
26.2925,,,
28.2244,,,
30.5522,,,
32.8248,,,
34.2054,,,
34.6742,,,
34.4341,,,
33.4404,,,
32.2731,,,
31.2438,,,
29.8193,,,
28.1948,,,
26.9257,,,
26.1777,,,
25.7215,,,
25.4805,,,
25.2643,,,
25.083,,,
24.8881,,,
24.7373,,,
24.6313,,,
24.9379,,,
25.7086,,,
26.5794,,,
27.0956,,,
28.1207,,,
29.6633,,,
31.2478,,,
32.3,,,
32.6197,,,
32.1504,,,
30.9844,,,
29.7144,,,
28.7314,,,
27.3192,,,
25.5247,,,
24.0228,,,
23.166,,,
22.6674,,,
22.4337,,,
22.0918,,,
21.6997,,,
21.199,,,
20.8197,,,
20.5365,,,
20.9864,,,
22.5875,,,
24.5628,,,
26.6624,,,
28.708,,,
30.9737,,,
33.0764,,,
34.4745,,,
35.0372,,,
34.6835,,,
33.5095,,,
32.2524,,,
31.3057,,,
30.1909,,,
28.8065,,,
27.7786,,,
27.0494,,,
26.4812,,,
26.0139,,,
25.1913,,,
24.1992,,,
23.0611,,,
22.3992,,,
21.9912,,,
22.3385,,,
23.6461,,,
25.2692,,,
26.8866,,,
28.6269,,,
30.032,,,
30.6859,,,
30.3931,,,
29.4486,,,
28.0988,,,
27.3369,,,
26.6811,,,
25.8624,,,
24.7178,,,
23.602,,,
22.6965,,,
21.9865,,,
21.3767,,,
20.848,,,
20.5198,,,
20.3009,,,
20.2153,,,
20.1505,,,
20.1024,,,
20.4289,,,
21.738,,,
23.4097,,,
24.9066,,,
26.5464,,,
28.4016,,,
30.161,,,
30.8955,,,
30.5239,,,
29.1803,,,
27.8664,,,
26.6279,,,
25.5576,,,
24.4362,,,
23.4193,,,
22.5535,,,
21.967,,,
21.5513,,,
21.2202,,,
21.0104,,,
20.8683,,,
20.7673,,,
20.6911,,,
20.6367,,,
20.8569,,,
21.5478,,,
22.5076,,,
23.6103,,,
25.33,,,
27.2297,,,
29.1707,,,
30.6841,,,
31.626,,,
31.8345,,,
31.1386,,,
29.6046,,,
27.5644,,,
26.2008,,,
25.3015,,,
24.7519,,,
24.2234,,,
23.7266,,,
23.2476,,,
22.5854,,,
21.8595,,,
21.5081,,,
21.3263,,,
21.2734,,,
21.8694,,,
23.3519,,,
24.883,,,
26.3909,,,
28.1092,,,
30.1852,,,
32.0377,,,
33.2846,,,
33.7953,,,
33.2959,,,
32.05,,,
30.6883,,,
29.2772,,,
27.7912,,,
26.0149,,,
24.6202,,,
23.4662,,,
22.4759,,,
21.7329,,,
21.1066,,,
20.5706,,,
20.1711,,,
19.8645,,,
19.6111,,,
20.7089,,,
22.6459,,,
24.7899,,,
26.6901,,,
28.6926,,,
31.0231,,,
33.0099,,,
34.4508,,,
35.3094,,,
34.9649,,,
33.7245,,,
32.1665,,,
30.6334,,,
28.7214,,,
26.6095,,,
25.2826,,,
24.4244,,,
23.8323,,,
23.1784,,,
22.5188,,,
21.7956,,,
21.4303,,,
21.2386,,,
21.1868,,,
21.9375,,,
23.2951,,,
24.7231,,,
26.1933,,,
27.5011,,,
28.2206,,,
29.5981,,,
31.019,,,
31.8288,,,
31.749,,,
30.9367,,,
29.9142,,,
28.8445,,,
27.256,,,
25.4474,,,
24.1011,,,
23.0557,,,
22.1691,,,
21.5703,,,
21.1453,,,
20.7661,,,
20.4183,,,
20.1101,,,
19.8395,,,
20.6754,,,
22.2538,,,
23.9692,,,
25.6717,,,
27.589,,,
29.9206,,,
31.8638,,,
33.1325,,,
33.5656,,,
33.1423,,,
31.944,,,
30.6347,,,
29.2808,,,
27.7952,,,
26.0585,,,
24.9623,,,
24.2584,,,
23.8391,,,
23.3577,,,
22.8511,,,
22.2793,,,
21.9323,,,
21.7081,,,
21.5396,,,
22.4979,,,
24.1856,,,
26.0046,,,
27.6476,,,
29.4351,,,
31.572,,,
33.0304,,,
33.9051,,,
34.0236,,,
33.7196,,,
32.5789,,,
31.0505,,,
29.63,,,
28.0628,,,
26.2865,,,
25.01,,,
24.0323,,,
23.2429,,,
22.699,,,
22.3094,,,
21.9821,,,
21.7046,,,
21.4742,,,
21.2674,,,
22.2416,,,
23.9524,,,
25.8231,,,
27.7147,,,
29.8614,,,
32.4234,,,
34.6366,,,
36.1461,,,
36.8514,,,
36.3633,,,
35.0525,,,
33.5903,,,
32.2608,,,
30.9193,,,
29.3446,,,
28.1252,,,
27.1504,,,
26.3106,,,
25.6228,,,
25.0241,,,
24.4762,,,
23.925,,,
23.3711,,,
22.8298,,,
23.7679,,,
25.6154,,,
27.7109,,,
29.6508,,,
31.7738,,,
34.2449,,,
36.2543,,,
37.4937,,,
37.8965,,,
37.3322,,,
35.9773,,,
34.5207,,,
32.7714,,,
30.8249,,,
28.5056,,,
26.8856,,,
25.6859,,,
24.7436,,,
23.9922,,,
23.3499,,,
22.7739,,,
22.1001,,,
21.391,,,
20.6552,,,
21.5743,,,
23.4771,,,
25.6933,,,
27.6202,,,
29.628,,,
31.9662,,,
34.1059,,,
35.631,,,
36.3472,,,
35.9241,,,
34.6046,,,
33.0659,,,
31.5032,,,
29.894,,,
28.0016,,,
26.7462,,,
25.898,,,
25.2805,,,
24.8704,,,
24.5988,,,
24.39,,,
24.0355,,,
23.6039,,,
23.1377,,,
23.8872,,,
25.4298,,,
27.1288,,,
28.9809,,,
31.1436,,,
33.7704,,,
36.0039,,,
37.5544,,,
38.2067,,,
37.6587,,,
36.3992,,,
35.2603,,,
33.8445,,,
32.1278,,,
30.1319,,,
28.7815,,,
27.8022,,,
27.0291,,,
26.4445,,,
25.9539,,,
25.5381,,,
25.0268,,,
24.4645,,,
23.885,,,
24.6673,,,
26.2999,,,
28.1487,,,
29.95,,,
31.9958,,,
34.4296,,,
36.5529,,,
38.0134,,,
38.6555,,,
37.8672,,,
36.5245,,,
34.6405,,,
33.0264,,,
31.2905,,,
29.4786,,,
28.1556,,,
27.1444,,,
26.2852,,,
25.5805,,,
24.9661,,,
24.4056,,,
23.9109,,,
23.4351,,,
23.0023,,,
23.9609,,,
25.787,,,
27.8492,,,
29.841,,,
32.0353,,,
34.6247,,,
36.9426,,,
38.6131,,,
39.4392,,,
38.9887,,,
37.5947,,,
36.0197,,,
34.4914,,,
32.9113,,,
31.0839,,,
29.9119,,,
29.1384,,,
28.6169,,,
28.0125,,,
27.3894,,,
26.7025,,,
26.0005,,,
25.3077,,,
24.6149,,,
25.4264,,,
27.1608,,,
29.1737,,,
31.033,,,
33.0915,,,
35.5059,,,
37.6575,,,
39.1852,,,
39.8621,,,
39.387,,,
37.9924,,,
36.3591,,,
34.6027,,,
32.6851,,,
30.9118,,,
29.6696,,,
28.7657,,,
28.0829,,,
27.535,,,
27.0102,,,
26.5589,,,
26.1468,,,
25.7555,,,
25.4161,,,
25.7037,,,
27.0693,,,
28.894,,,
30.8642,,,
33.0983,,,
35.6355,,,
37.881,,,
39.4676,,,
40.1439,,,
39.7782,,,
38.4371,,,
37.0021,,,
36.0091,,,
34.7036,,,
33.0379,,,
31.6284,,,
30.5235,,,
29.6657,,,
28.7824,,,
27.9926,,,
27.3178,,,
26.9056,,,
26.3814,,,
26.1571,,,
26.8424,,,
28.4931,,,
30.4912,,,
32.6478,,,
34.8889,,,
37.2586,,,
39.2313,,,
40.3079,,,
40.4685,,,
40.1477,,,
38.7883,,,
37.4795,,,
35.9885,,,
33.8195,,,
31.8989,,,
30.6868,,,
29.2926,,,
28.3297,,,
27.5574,,,
26.9729,,,
26.7157,,,
26.4531,,,
26.3935,,,
26.1723,,,
25.8868,,,
27.3404,,,
28.7182,,,
30.1077,,,
31.6376,,,
33.6633,,,
34.8871,,,
35.617,,,
35.1835,,,
34.962,,,
34.2542,,,
32.8544,,,
31.6811,,,
30.1764,,,
28.5365,,,
26.7437,,,
25.6704,,,
24.9714,,,
24.5269,,,
24.2362,,,
23.9386,,,
23.6591,,,
23.3708,,,
23.1886,,,
23.905,,,
25.5739,,,
27.3772,,,
28.9579,,,
30.7937,,,
32.838,,,
34.9089,,,
36.0653,,,
36.5002,,,
35.9005,,,
34.3095,,,
32.4403,,,
30.9185,,,
29.6117,,,
28.1174,,,
27.0187,,,
26.3599,,,
25.9475,,,
25.5637,,,
25.1344,,,
24.8484,,,
24.6684,,,
24.4568,,,
24.3245,,,
24.2115,,,
24.455,,,
25.5946,,,
26.7053,,,
27.8432,,,
28.8009,,,
29.6235,,,
28.6075,,,
27.7602,,,
28.4053,,,
28.6807,,,
28.2693,,,
27.6252,,,
26.9213,,,
26.061,,,
25.5322,,,
25.1151,,,
24.7514,,,
24.5238,,,
24.2683,,,
23.966,,,
23.5658,,,
23.4685,,,
23.4509,,,
23.5892,,,
24.3625,,,
25.4042,,,
27.1888,,,
29.0102,,,
31.1282,,,
32.8479,,,
33.6805,,,
34.1537,,,
34.1027,,,
33.2873,,,
32.307,,,
30.3171,,,
28.7338,,,
27.4848,,,
26.4989,,,
25.712,,,
25.1277,,,
24.579,,,
24.148,,,
23.8788,,,
23.7973,,,
23.728,,,
23.58,,,
24.1282,,,
25.117,,,
26.3432,,,
27.8474,,,
29.3016,,,
30.0677,,,
30.8428,,,
32.7132,,,
33.89,,,
34.0661,,,
33.1871,,,
31.6359,,,
30.6107,,,
29.4794,,,
28.009,,,
26.7348,,,
25.7892,,,
25.0254,,,
24.4471,,,
23.9025,,,
23.3802,,,
23.0605,,,
22.8425,,,
22.6992,,,
23.4887,,,
25.1406,,,
27.0333,,,
28.989,,,
31.0401,,,
33.268,,,
35.3505,,,
36.9414,,,
37.5051,,,
37.0311,,,
35.6841,,,
34.3442,,,
33.3028,,,
31.798,,,
29.879,,,
28.4454,,,
27.4058,,,
26.6722,,,
25.9326,,,
25.385,,,
24.9624,,,
24.5932,,,
24.3628,,,
24.2274,,,
24.9207,,,
26.5158,,,
28.3861,,,
30.2924,,,
32.5511,,,
34.9438,,,
37.1506,,,
38.6654,,,
39.0345,,,
38.6411,,,
37.2682,,,
35.768,,,
34.5589,,,
33.2954,,,
31.8785,,,
30.4221,,,
29.1908,,,
28.2837,,,
27.4678,,,
27.2584,,,
26.8284,,,
26.5781,,,
26.2096,,,
25.8128,,,
26.466,,,
28.0395,,,
29.9026,,,
31.6501,,,
33.8046,,,
36.1771,,,
38.3747,,,
39.7725,,,
39.5223,,,
38.9661,,,
37.835,,,
35.6425,,,
33.6953,,,
32.1299,,,
30.7639,,,
29.7759,,,
28.8618,,,
28.1133,,,
27.6829,,,
27.3446,,,
27.0542,,,
26.7528,,,
26.4807,,,
26.3846,,,
26.5645,,,
26.8441,,,
26.8523,,,
29.0379,,,
30.2304,,,
31.2278,,,
32.2752,,,
34.0096,,,
35.2269,,,
35.5475,,,
34.9568,,,
33.1859,,,
32.4709,,,
31.4815,,,
29.6649,,,
28.5146,,,
27.9597,,,
27.6165,,,
27.214,,,
26.9752,,,
26.3855,,,
25.8476,,,
25.4087,,,
25.2345,,,
25.9099,,,
27.4425,,,
28.9993,,,
30.1986,,,
31.7368,,,
33.4668,,,
35.3264,,,
36.5376,,,
36.1389,,,
35.4583,,,
34.3561,,,
33.4494,,,
32.1708,,,
30.8547,,,
29.5118,,,
28.4907,,,
27.4979,,,
26.9589,,,
26.3712,,,
25.9675,,,
25.6148,,,
25.4319,,,
25.0694,,,
24.5605,,,
24.969,,,
26.4268,,,
28.0301,,,
29.5352,,,
31.3119,,,
33.3507,,,
35.19,,,
36.1214,,,
33.9607,,,
31.337,,,
30.6949,,,
30.5062,,,
29.6443,,,
28.8388,,,
27.5993,,,
26.5587,,,
25.9239,,,
25.4059,,,
24.9997,,,
24.6424,,,
24.4173,,,
24.0735,,,
24.0503,,,
24.0112,,,
24.5256,,,
26.2512,,,
27.8177,,,
29.2696,,,
31.1588,,,
33.4745,,,
35.9156,,,
37.7437,,,
38.6788,,,
38.2309,,,
36.5398,,,
34.8281,,,
33.3915,,,
31.5903,,,
29.8508,,,
28.4986,,,
27.6657,,,
26.8451,,,
26.3438,,,
25.9351,,,
25.5804,,,
25.2706,,,
24.9702,,,
24.8911,,,
25.4521,,,
27.0197,,,
28.8784,,,
30.6707,,,
32.9467,,,
35.4275,,,
37.4977,,,
38.8436,,,
39.2098,,,
38.4397,,,
37.3409,,,
35.4963,,,
34.1998,,,
32.5044,,,
30.6729,,,
29.1896,,,
28.0049,,,
27.1094,,,
26.4821,,,
25.9934,,,
25.6046,,,
25.3606,,,
25.0913,,,
24.8424,,,
25.4848,,,
27.1959,,,
29.0388,,,
31.1163,,,
33.4648,,,
36.1091,,,
38.4494,,,
39.7325,,,
40.006,,,
39.3714,,,
37.3568,,,
35.713,,,
34.1443,,,
32.7272,,,
31.264,,,
29.7118,,,
28.3944,,,
27.4203,,,
26.9301,,,
26.4257,,,
25.7486,,,
25.2495,,,
24.6485,,,
24.2948,,,
24.8752,,,
26.4418,,,
28.2113,,,
29.9707,,,
32.1685,,,
34.796,,,
37.1221,,,
38.7204,,,
39.2013,,,
38.2065,,,
35.1732,,,
33.7229,,,
32.7985,,,
31.4177,,,
30.1681,,,
29.0925,,,
27.9688,,,
27.302,,,
26.7276,,,
26.2806,,,
25.8053,,,
25.6193,,,
25.2938,,,
24.998,,,
25.3871,,,
26.95,,,
28.7212,,,
30.4033,,,
32.368,,,
34.5136,,,
36.5829,,,
38.0285,,,
38.666,,,
38.3573,,,
37.1263,,,
35.2997,,,
33.8894,,,
32.5074,,,
30.959,,,
29.7337,,,
28.5277,,,
27.6408,,,
26.815,,,
26.1342,,,
25.6335,,,
25.3196,,,
24.9046,,,
24.5734,,,
25.2355,,,
26.8635,,,
28.7725,,,
30.7082,,,
32.948,,,
35.527,,,
37.8042,,,
39.3682,,,
40.084,,,
39.5029,,,
38.1556,,,
36.4695,,,
35.0213,,,
33.6662,,,
32.0656,,,
30.6292,,,
29.413,,,
28.5916,,,
27.9045,,,
27.3854,,,
26.8812,,,
26.3858,,,
25.8938,,,
25.5998,,,
26.0799,,,
27.617,,,
29.5797,,,
31.5411,,,
33.9078,,,
36.5769,,,
38.8976,,,
40.6824,,,
41.4328,,,
40.9605,,,
39.5523,,,
37.6767,,,
36.1169,,,
34.4908,,,
32.665,,,
31.0902,,,
29.8738,,,
29.0609,,,
28.378,,,
27.7639,,,
27.208,,,
26.494,,,
25.8847,,,
25.414,,,
25.877,,,
27.5961,,,
29.7394,,,
31.8114,,,
34.2598,,,
36.9246,,,
39.377,,,
41.0628,,,
41.6887,,,
41.0241,,,
39.5582,,,
37.8517,,,
36.3132,,,
34.5267,,,
32.6434,,,
31.2203,,,
30.2654,,,
29.5159,,,
28.9775,,,
28.627,,,
28.0036,,,
27.4656,,,
27.1407,,,
26.9242,,,
27.3074,,,
28.9896,,,
30.931,,,
32.9073,,,
35.3251,,,
37.7596,,,
39.954,,,
41.3914,,,
41.8214,,,
41.1672,,,
39.831,,,
37.8161,,,
35.9385,,,
34.1553,,,
32.6084,,,
31.5721,,,
30.6375,,,
29.9669,,,
29.383,,,
28.8467,,,
28.5218,,,
27.8206,,,
27.3441,,,
26.941,,,
27.2241,,,
28.7767,,,
30.7389,,,
32.7079,,,
34.96,,,
37.8013,,,
40.1952,,,
41.7715,,,
42.1718,,,
41.6953,,,
40.1898,,,
37.3044,,,
35.1593,,,
33.3462,,,
31.956,,,
31.2764,,,
30.3293,,,
29.5927,,,
29.0495,,,
28.5266,,,
28.1285,,,
27.6084,,,
27.1842,,,
27.0061,,,
27.3035,,,
28.8737,,,
30.7497,,,
32.4487,,,
34.747,,,
37.1953,,,
39.4097,,,
41.0695,,,
41.6679,,,
40.8333,,,
36.145,,,
34.1835,,,
32.8484,,,
31.4688,,,
30.0899,,,
29.1467,,,
28.4723,,,
27.853,,,
27.3856,,,
27.0273,,,
26.7945,,,
26.5236,,,
26.3462,,,
26.1125,,,
26.5624,,,
28.2012,,,
29.9476,,,
31.4517,,,
33.6715,,,
36.5018,,,
39.2011,,,
41.0662,,,
41.9666,,,
41.6688,,,
40.2851,,,
38.2482,,,
36.7358,,,
35.2198,,,
33.1884,,,
31.7964,,,
30.5834,,,
29.6769,,,
28.8414,,,
28.4414,,,
28.1741,,,
27.8115,,,
27.591,,,
27.2525,,,
27.6311,,,
29.1518,,,
31.2199,,,
33.1634,,,
35.9385,,,
38.8096,,,
41.1812,,,
43.0312,,,
43.7248,,,
43.3947,,,
41.7794,,,
39.7341,,,
38.0717,,,
36.2917,,,
34.5913,,,
33.4669,,,
32.411,,,
31.3235,,,
30.3114,,,
29.4213,,,
28.7892,,,
28.3098,,,
27.9059,,,
27.6501,,,
28.0508,,,
29.7338,,,
31.7469,,,
33.8514,,,
36.1629,,,
38.6647,,,
41.1134,,,
42.8403,,,
43.6058,,,
43.2096,,,
41.6642,,,
39.8619,,,
37.7522,,,
35.603,,,
33.9298,,,
32.7365,,,
31.6917,,,
31.0315,,,
30.3271,,,
29.9259,,,
29.3974,,,
28.9743,,,
28.6076,,,
28.4887,,,
28.9141,,,
30.4143,,,
32.2311,,,
34.047,,,
36.1893,,,
38.5442,,,
40.8439,,,
42.558,,,
43.3338,,,
42.3615,,,
38.9129,,,
36.6453,,,
35.0822,,,
33.6369,,,
32.1109,,,
31.0149,,,
30.2495,,,
29.7543,,,
29.2464,,,
28.4708,,,
28.0304,,,
27.7365,,,
27.4611,,,
27.2763,,,
27.7417,,,
29.4587,,,
31.4049,,,
33.2151,,,
35.5622,,,
38.1431,,,
40.405,,,
41.9533,,,
42.5275,,,
42.068,,,
40.4715,,,
38.5893,,,
36.7939,,,
35.1385,,,
33.3696,,,
32.1094,,,
30.8899,,,
30.1746,,,
29.8415,,,
29.1205,,,
28.6719,,,
28.0045,,,
27.433,,,
26.9627,,,
26.8743,,,
28.1948,,,
29.9372,,,
31.9076,,,
34.3364,,,
37.2485,,,
39.9393,,,
41.7455,,,
42.0385,,,
41.3349,,,
40.115,,,
38.3582,,,
36.1253,,,
34.3009,,,
32.9192,,,
32.115,,,
31.4961,,,
31.1036,,,
30.6233,,,
30.0529,,,
29.613,,,
29.3227,,,
29.0806,,,
28.8216,,,
29.025,,,
30.4706,,,
32.3309,,,
34.1893,,,
36.8712,,,
39.5675,,,
41.7055,,,
43.0226,,,
43.5468,,,
42.8851,,,
41.1381,,,
39.0741,,,
37.0425,,,
34.6818,,,
33.1303,,,
32.0875,,,
31.312,,,
30.7208,,,
30.2199,,,
29.7171,,,
29.254,,,
28.9086,,,
28.6674,,,
28.5644,,,
28.8398,,,
30.4084,,,
32.1522,,,
33.6896,,,
35.565,,,
37.592,,,
39.4524,,,
40.8035,,,
41.4471,,,
40.3851,,,
38.4606,,,
36.0951,,,
34.1008,,,
32.3721,,,
31.1255,,,
30.2249,,,
29.5558,,,
28.9476,,,
28.6362,,,
28.4754,,,
28.4589,,,
28.343,,,
28.1595,,,
27.9193,,,
28.2273,,,
29.5776,,,
31.136,,,
32.7589,,,
34.834,,,
37.1319,,,
38.4814,,,
38.7052,,,
37.951,,,
37.6091,,,
36.9397,,,
35.6214,,,
34.1962,,,
32.5485,,,
31.1912,,,
30.2969,,,
29.698,,,
29.3077,,,
29.0315,,,
28.8187,,,
28.5779,,,
28.2931,,,
27.9706,,,
27.6298,,,
27.8665,,,
29.1692,,,
30.7143,,,
32.3516,,,
34.5179,,,
36.9886,,,
38.3517,,,
38.5086,,,
37.5662,,,
37.1059,,,
36.5769,,,
35.7101,,,
34.3461,,,
32.6464,,,
31.1892,,,
30.217,,,
29.5376,,,
29.0422,,,
28.7378,,,
28.5393,,,
28.4063,,,
28.1529,,,
27.8391,,,
27.4183,,,
27.6658,,,
29.0656,,,
30.6931,,,
32.3103,,,
34.4894,,,
36.9864,,,
38.9232,,,
40.0146,,,
40.238,,,
39.7902,,,
38.548,,,
36.6961,,,
34.9111,,,
33.1264,,,
31.6173,,,
30.483,,,
29.5806,,,
28.7987,,,
28.1005,,,
27.4515,,,
26.8046,,,
26.3723,,,
26.0756,,,
25.8415,,,
26.2354,,,
27.8308,,,
29.6288,,,
31.573,,,
34.2995,,,
37.4518,,,
40.2067,,,
42.1514,,,
43.073,,,
42.6078,,,
40.9214,,,
38.66,,,
36.5392,,,
34.5988,,,
32.9469,,,
31.621,,,
30.4786,,,
29.4321,,,
28.771,,,
28.3196,,,
27.9958,,,
27.632,,,
27.2501,,,
26.8577,,,
27.2398,,,
28.8806,,,
30.8232,,,
32.7962,,,
35.4839,,,
38.5587,,,
41.0884,,,
42.7249,,,
43.3532,,,
42.6478,,,
40.8137,,,
38.4457,,,
36.1903,,,
34.0286,,,
32.1779,,,
30.8442,,,
29.8202,,,
28.9463,,,
28.3469,,,
27.9191,,,
27.5993,,,
27.2771,,,
26.9385,,,
26.5969,,,
26.7152,,,
27.8892,,,
29.3587,,,
30.9565,,,
32.9638,,,
35.0418,,,
37.2908,,,
39.3505,,,
40.7465,,,
40.6879,,,
39.4502,,,
37.608,,,
35.4038,,,
33.0731,,,
30.9364,,,
29.5826,,,
28.6497,,,
28.0294,,,
27.6121,,,
27.311,,,
27.101,,,
26.9595,,,
26.8556,,,
26.774,,,
26.5363,,,
26.4073,,,
26.3633,,,
26.9769,,,
28.1058,,,
29.5355,,,
30.6451,,,
31.4119,,,
31.8293,,,
31.8944,,,
31.6358,,,
31.0807,,,
30.1477,,,
29.047,,,
28.2455,,,
27.5627,,,
26.9389,,,
26.3222,,,
25.9753,,,
25.7785,,,
25.7191,,,
25.6656,,,
25.6159,,,
25.5675,,,
25.6724,,,
26.2998,,,
27.2835,,,
29.0115,,,
31.2595,,,
34.3332,,,
35.9425,,,
36.0639,,,
34.9645,,,
34.9969,,,
34.8163,,,
33.9296,,,
32.5626,,,
30.9538,,,
29.535,,,
28.4939,,,
27.6762,,,
27.0215,,,
26.4029,,,
25.8059,,,
25.1992,,,
24.8616,,,
24.6505,,,
24.5058,,,
24.7979,,,
26.2851,,,
28.0008,,,
29.9532,,,
32.7288,,,
35.9215,,,
38.6796,,,
40.6052,,,
41.4715,,,
41.0154,,,
39.3481,,,
37.0693,,,
34.819,,,
32.7562,,,
31.0602,,,
29.8887,,,
29.0127,,,
28.3315,,,
27.8518,,,
27.4974,,,
27.2056,,,
26.8964,,,
26.5664,,,
26.2393,,,
26.5702,,,
28.2323,,,
30.2178,,,
32.5419,,,
35.7349,,,
39.3615,,,
42.1236,,,
43.8069,,,
44.3476,,,
42.359,,,
39.1223,,,
35.5226,,,
33.0733,,,
31.2625,,,
30.3457,,,
29.6471,,,
29.0909,,,
28.605,,,
28.1192,,,
27.621,,,
27.1391,,,
26.7609,,,
26.4173,,,
26.1047,,,
26.0176,,,
26.5486,,,
27.5255,,,
28.3918,,,
28.9125,,,
29.0167,,,
30.1012,,,
31.6726,,,
33.1854,,,
33.9114,,,
33.6132,,,
32.3799,,,
30.8338,,,
29.1331,,,
27.792,,,
26.9428,,,
26.4005,,,
26.0338,,,
25.6066,,,
25.1369,,,
24.597,,,
24.2567,,,
24.0272,,,
23.8669,,,
24.028,,,
25.3997,,,
27.0049,,,
29.0743,,,
32.078,,,
35.5206,,,
38.6427,,,
41.0002,,,
42.2966,,,
42.0103,,,
40.3959,,,
38.1469,,,
35.7752,,,
33.5484,,,
31.7427,,,
30.4405,,,
29.4571,,,
28.6474,,,
28.0249,,,
27.5245,,,
27.121,,,
26.7888,,,
26.4739,,,
26.1703,,,
26.4426,,,
27.9741,,,
29.8795,,,
31.9858,,,
34.6321,,,
37.3408,,,
39.4244,,,
40.6841,,,
41.0954,,,
40.2561,,,
38.6267,,,
36.6027,,,
34.5463,,,
32.4253,,,
30.8158,,,
29.6622,,,
28.7794,,,
28.0311,,,
27.3194,,,
26.6361,,,
25.9808,,,
25.4987,,,
25.0895,,,
24.7326,,,
25.0035,,,
26.6174,,,
28.5881,,,
30.8903,,,
34.0566,,,
37.5805,,,
40.6415,,,
42.841,,,
43.9306,,,
43.5634,,,
41.8522,,,
39.3719,,,
36.7853,,,
34.3855,,,
32.4966,,,
31.2523,,,
30.3664,,,
29.7139,,,
29.0976,,,
28.5072,,,
27.932,,,
27.3971,,,
26.8847,,,
26.3829,,,
26.6025,,,
28.1468,,,
30.1481,,,
32.4997,,,
35.6314,,,
39.1342,,,
42.0473,,,
44.0598,,,
44.9445,,,
44.2458,,,
42.4114,,,
40.1231,,,
37.7644,,,
35.3569,,,
33.4406,,,
32.1868,,,
31.2918,,,
30.6239,,,
29.9289,,,
29.2461,,,
28.5333,,,
28.1069,,,
27.8319,,,
27.6821,,,
27.8453,,,
29.0199,,,
30.4982,,,
32.6996,,,
35.8787,,,
39.6456,,,
42.5618,,,
44.4133,,,
45.0378,,,
44.2061,,,
42.1108,,,
39.3316,,,
36.5345,,,
34.0115,,,
32.0697,,,
30.7221,,,
29.7036,,,
28.877,,,
28.1509,,,
27.4872,,,
26.8394,,,
26.3745,,,
26.024,,,
25.7245,,,
25.9541,,,
27.4703,,,
29.3208,,,
31.6632,,,
34.9355,,,
38.5531,,,
41.7438,,,
44.0811,,,
45.3222,,,
44.1981,,,
41.5415,,,
38.1964,,,
35.5732,,,
33.3603,,,
31.9062,,,
30.897,,,
30.147,,,
29.5402,,,
29.0123,,,
28.5173,,,
28.0742,,,
27.6449,,,
27.205,,,
26.786,,,
26.8511,,,
28.0357,,,
29.6124,,,
31.7593,,,
34.7773,,,
38.2511,,,
40.7929,,,
42.1773,,,
42.4516,,,
41.0819,,,
38.7615,,,
36.1158,,,
33.8061,,,
31.7282,,,
30.3401,,,
29.3762,,,
28.6503,,,
28.0705,,,
27.639,,,
27.314,,,
27.0065,,,
26.7003,,,
26.415,,,
26.0972,,,
26.2405,,,
27.6008,,,
29.2957,,,
31.4433,,,
34.3472,,,
37.4887,,,
39.0316,,,
39.0571,,,
37.8827,,,
36.4974,,,
34.8998,,,
33.2603,,,
31.5818,,,
29.9717,,,
28.7682,,,
27.9292,,,
27.3244,,,
26.8571,,,
26.5313,,,
26.2827,,,
26.1268,,,
25.8235,,,
25.4394,,,
25.0055,,,
24.8161,,,
25.1696,,,
25.9606,,,
27.3371,,,
29.1187,,,
31.1407,,,
33.3394,,,
35.4122,,,
36.9539,,,
37.2716,,,
36.3514,,,
34.5391,,,
32.4945,,,
30.5668,,,
29.207,,,
28.1561,,,
27.2997,,,
26.5486,,,
25.9724,,,
25.4738,,,
25.093,,,
24.8168,,,
24.6143,,,
24.4164,,,
24.4666,,,
25.5955,,,
26.9391,,,
29.0094,,,
32.0746,,,
35.5196,,,
38.5359,,,
40.6932,,,
41.7565,,,
41.2296,,,
39.3171,,,
36.5907,,,
33.8423,,,
31.4407,,,
29.6653,,,
28.4404,,,
27.5451,,,
26.8341,,,
26.3632,,,
26.0297,,,
25.8302,,,
25.6278,,,
25.4428,,,
25.2278,,,
25.1301,,,
25.4938,,,
26.3282,,,
27.6779,,,
29.411,,,
31.3669,,,
32.69,,,
33.3499,,,
33.4674,,,
33.8387,,,
33.8383,,,
33.1007,,,
31.6847,,,
29.9721,,,
28.6263,,,
27.6274,,,
26.8318,,,
26.1341,,,
25.603,,,
25.1835,,,
24.825,,,
24.443,,,
24.0472,,,
23.6395,,,
23.7625,,,
25.1218,,,
26.8481,,,
29.2957,,,
32.6988,,,
36.3791,,,
39.6197,,,
41.9612,,,
43.1679,,,
42.7386,,,
40.8441,,,
38.0168,,,
34.9682,,,
32.2567,,,
30.1737,,,
28.6753,,,
27.5373,,,
26.597,,,
25.9117,,,
25.3512,,,
24.8838,,,
24.4359,,,
23.9838,,,
23.5568,,,
23.8284,,,
25.3709,,,
27.3868,,,
30.1635,,,
33.8412,,,
37.8224,,,
41.2045,,,
43.6474,,,
44.8982,,,
44.468,,,
42.5383,,,
39.6361,,,
36.4359,,,
33.5681,,,
31.3082,,,
29.7817,,,
28.6772,,,
27.823,,,
27.1893,,,
26.6608,,,
26.2171,,,
25.8358,,,
25.5072,,,
25.1913,,,
25.427,,,
26.8884,,,
28.7701,,,
31.5909,,,
35.4163,,,
39.5685,,,
42.9254,,,
45.1945,,,
46.2197,,,
45.7433,,,
43.8337,,,
40.945,,,
37.8516,,,
35.1627,,,
33.1407,,,
31.8365,,,
30.9643,,,
30.3342,,,
29.6293,,,
28.9108,,,
28.1622,,,
27.5983,,,
27.112,,,
26.7134,,,
26.8367,,,
28.1434,,,
29.8768,,,
32.5332,,,
36.1231,,,
39.9932,,,
43.0287,,,
44.9653,,,
45.6957,,,
44.6459,,,
42.4233,,,
39.8286,,,
37.0835,,,
34.4297,,,
32.3554,,,
31.0067,,,
30.0522,,,
29.3626,,,
28.6862,,,
28.041,,,
27.3548,,,
26.7827,,,
26.253,,,
25.7898,,,
25.9395,,,
27.3149,,,
29.1449,,,
31.9455,,,
35.7489,,,
39.8313,,,
43.0295,,,
45.079,,,
45.8559,,,
45.0307,,,
42.7822,,,
39.7285,,,
36.6978,,,
34.1065,,,
32.2454,,,
30.9041,,,
29.8771,,,
29.0361,,,
28.4783,,,
28.093,,,
27.7931,,,
27.5255,,,
27.159,,,
26.7448,,,
26.3198,,,
27.3453,,,
28.989,,,
31.6505,,,
35.426,,,
39.515,,,
43.1908,,,
45.4815,,,
46.3881,,,
45.8904,,,
43.8355,,,
40.8444,,,
37.9791,,,
35.5649,,,
33.9259,,,
32.7842,,,
31.8777,,,
31.1183,,,
30.4009,,,
29.9019,,,
29.5414,,,
29.2472,,,
28.8341,,,
28.3632,,,
27.8745,,,
28.7014,,,
30.0787,,,
32.4734,,,
35.8789,,,
39.4251,,,
42.4413,,,
44.5317,,,
45.5238,,,
45.3696,,,
43.7805,,,
41.1699,,,
38.4413,,,
35.875,,,
33.9051,,,
32.3497,,,
31.2403,,,
30.3821,,,
29.6214,,,
28.9341,,,
28.2922,,,
27.679,,,
27.2338,,,
26.8971,,,
26.6529,,,
27.7187,,,
29.4097,,,
32.101,,,
35.3004,,,
38.2812,,,
40.5099,,,
41.4796,,,
41.3187,,,
40.3547,,,
38.6713,,,
36.4828,,,
34.0778,,,
31.9206,,,
30.4856,,,
29.4908,,,
28.8384,,,
28.4281,,,
28.2714,,,
28.2722,,,
28.2628,,,
28.2407,,,
28.1752,,,
28.0337,,,
27.8419,,,
28.0867,,,
29.8298,,,
32.5733,,,
36.0743,,,
40.3265,,,
42.9824,,,
44.8061,,,
45.6792,,,
45.2554,,,
43.4086,,,
40.9697,,,
38.6832,,,
36.4628,,,
34.4397,,,
33.068,,,
32.0558,,,
31.2506,,,
30.9514,,,
30.6413,,,
30.365,,,
30.0021,,,
29.305,,,
28.9018,,,
28.5787,,,
29.4578,,,
30.9461,,,
33.7466,,,
37.6064,,,
41.7163,,,
44.7776,,,
46.9131,,,
48.0991,,,
47.7668,,,
45.8848,,,
43.0018,,,
39.579,,,
36.6105,,,
34.139,,,
32.3915,,,
30.7792,,,
29.83,,,
28.4675,,,
27.7858,,,
27.152,,,
26.6552,,,
26.1485,,,
25.6453,,,
25.0451,,,
25.6928,,,
27.477,,,
30.6697,,,
35.0165,,,
39.4795,,,
43.094,,,
45.5651,,,
46.8304,,,
46.4099,,,
44.6267,,,
41.5804,,,
38.4897,,,
35.7644,,,
33.3448,,,
31.5538,,,
30.1944,,,
28.9971,,,
28.104,,,
27.6481,,,
26.9523,,,
26.3486,,,
25.8836,,,
25.4791,,,
25.2282,,,
25.4814,,,
27.0992,,,
30.116,,,
33.8996,,,
37.9632,,,
41.635,,,
44.4108,,,
45.6682,,,
45.6467,,,
44.1413,,,
41.4524,,,
38.4216,,,
35.7348,,,
33.5273,,,
31.9513,,,
30.6125,,,
29.7195,,,
29.2691,,,
28.9749,,,
28.304,,,
27.8078,,,
27.1081,,,
26.5862,,,
26.0996,,,
26.5644,,,
27.7984,,,
30.5578,,,
34.5394,,,
39.073,,,
43.2556,,,
46.3008,,,
47.3945,,,
47.116,,,
45.3121,,,
42.0066,,,
38.7713,,,
36.2436,,,
34.2338,,,
32.6691,,,
31.17,,,
30.1032,,,
29.24,,,
28.7103,,,
28.0886,,,
27.5995,,,
27.2006,,,
26.8376,,,
26.5357,,,
27.1884,,,
28.9549,,,
32.1187,,,
36.4464,,,
40.875,,,
44.6463,,,
47.1768,,,
48.3636,,,
48.0391,,,
46.1581,,,
42.9301,,,
39.5022,,,
36.5188,,,
34.535,,,
32.7777,,,
31.5722,,,
30.7982,,,
30.1267,,,
29.6069,,,
29.0599,,,
28.3475,,,
27.4388,,,
26.8988,,,
26.4792,,,
27.0427,,,
28.7982,,,
32.0488,,,
36.2645,,,
40.6372,,,
44.2425,,,
46.6068,,,
47.7251,,,
47.4496,,,
45.5814,,,
42.6983,,,
39.7918,,,
37.0506,,,
34.9329,,,
33.5774,,,
32.1913,,,
31.1838,,,
30.2821,,,
29.4504,,,
29.1322,,,
28.7979,,,
28.3121,,,
27.6205,,,
27.4323,,,
27.8904,,,
29.2964,,,
32.1058,,,
35.6689,,,
39.3131,,,
41.3914,,,
42.8127,,,
44.5252,,,
41.9131,,,
38.8896,,,
37.7226,,,
36.2019,,,
34.5881,,,
32.9355,,,
31.5828,,,
30.5783,,,
29.6651,,,
28.9217,,,
28.4642,,,
28.1654,,,
27.6728,,,
27.3741,,,
26.7075,,,
26.4174,,,
26.6486,,,
28.9436,,,
32.5217,,,
36.9204,,,
40.2666,,,
43.1387,,,
45.3206,,,
46.8615,,,
44.7885,,,
41.6303,,,
38.3069,,,
36.5129,,,
34.6572,,,
33.4735,,,
32.361,,,
31.3417,,,
30.4967,,,
29.7884,,,
29.0792,,,
28.869,,,
28.3304,,,
27.7657,,,
27.4255,,,
27.0927,,,
26.724,,,
26.7224,,,
27.9996,,,
30.1989,,,
32.2764,,,
36.2814,,,
40.292,,,
42.6313,,,
42.4601,,,
40.3808,,,
37.8969,,,
35.353,,,
33.046,,,
31.4273,,,
30.2553,,,
28.9832,,,
28.2331,,,
27.8952,,,
27.8349,,,
27.3603,,,
27.0005,,,
26.6572,,,
26.3707,,,
25.9955,,,
26.1847,,,
26.702,,,
27.621,,,
31.1789,,,
36.3455,,,
40.3671,,,
43.2526,,,
44.5506,,,
44.6279,,,
42.9368,,,
39.9746,,,
36.8073,,,
34.0104,,,
31.8516,,,
30.1987,,,
28.8989,,,
27.8214,,,
26.9927,,,
26.4925,,,
25.976,,,
25.6471,,,
25.2495,,,
24.8816,,,
24.3685,,,
24.6069,,,
25.7493,,,
28.7323,,,
32.8997,,,
37.2075,,,
40.7284,,,
43.0228,,,
44.0669,,,
43.8048,,,
41.9389,,,
39.0329,,,
35.8197,,,
33.0822,,,
31.0517,,,
29.4657,,,
28.2257,,,
27.2888,,,
26.4233,,,
25.9993,,,
25.3134,,,
24.9022,,,
24.5366,,,
24.1901,,,
24.2571,,,
24.8114,,,
26.969,,,
30.7283,,,
35.4389,,,
40.3467,,,
44.3181,,,
46.8728,,,
48.0561,,,
47.4803,,,
45.2437,,,
41.9372,,,
38.3278,,,
35.1202,,,
32.75,,,
31.0571,,,
29.6894,,,
28.93,,,
27.7627,,,
26.6374,,,
25.9655,,,
25.4381,,,
25.1195,,,
25.0842,,,
24.9487,,,
25.2503,,,
26.3636,,,
28.2927,,,
30.4885,,,
33.9832,,,
36.7838,,,
39.7665,,,
40.498,,,
39.8904,,,
38.3642,,,
36.0443,,,
33.4886,,,
31.3059,,,
29.6031,,,
28.2855,,,
27.4346,,,
26.9902,,,
26.9434,,,
26.7817,,,
26.59,,,
26.1205,,,
25.7341,,,
25.412,,,
25.4354,,,
25.6548,,,
26.5332,,,
28.6735,,,
30.3054,,,
33.3139,,,
34.4067,,,
33.9629,,,
33.6595,,,
32.8651,,,
32.441,,,
30.1823,,,
28.7667,,,
27.6574,,,
26.7886,,,
26.0677,,,
25.7292,,,
25.3896,,,
25.1729,,,
25.0199,,,
24.8008,,,
24.6713,,,
24.5246,,,
24.2862,,,
24.0051,,,
24.0272,,,
25.7292,,,
29.0344,,,
33.3485,,,
37.4654,,,
40.7875,,,
43.145,,,
44.2288,,,
43.664,,,
41.7916,,,
38.619,,,
35.0346,,,
32.1138,,,
29.9018,,,
28.2956,,,
26.8539,,,
25.8104,,,
25.0843,,,
24.5262,,,
24.0687,,,
23.6882,,,
23.4386,,,
23.1577,,,
22.9673,,,
23.4145,,,
25.2978,,,
28.934,,,
33.8067,,,
38.7151,,,
43.0612,,,
45.8175,,,
46.9308,,,
46.5752,,,
44.5124,,,
41.1435,,,
37.3895,,,
34.11,,,
31.5047,,,
29.7825,,,
28.5574,,,
27.4238,,,
26.6656,,,
26.0044,,,
25.5953,,,
25.1371,,,
24.8513,,,
24.6526,,,
24.407,,,
24.8056,,,
26.7317,,,
30.3488,,,
35.0212,,,
39.6762,,,
43.6643,,,
46.2096,,,
47.3118,,,
46.9811,,,
44.6622,,,
40.5987,,,
37.0353,,,
33.9892,,,
32.1716,,,
30.7308,,,
29.8813,,,
29.0678,,,
28.0678,,,
26.987,,,
26.2996,,,
25.8711,,,
25.4022,,,
24.9014,,,
24.4987,,,
24.4483,,,
24.835,,,
25.5917,,,
26.4969,,,
27.3683,,,
28.0529,,,
28.5502,,,
27.2221,,,
26.2996,,,
25.5417,,,
24.8458,,,
24.1868,,,
23.5962,,,
23.1182,,,
22.8113,,,
22.5487,,,
22.2734,,,
21.9671,,,
21.5476,,,
21.2769,,,
21.1847,,,
21.0906,,,
20.7134,,,
20.5645,,,
20.6879,,,
22.6038,,,
26.3295,,,
30.7123,,,
35.0827,,,
38.8347,,,
41.4486,,,
42.7176,,,
42.6034,,,
40.6034,,,
37.3636,,,
33.7563,,,
30.8015,,,
28.7665,,,
27.3696,,,
26.3182,,,
25.4891,,,
24.6844,,,
23.8977,,,
23.2168,,,
22.7062,,,
22.0954,,,
21.7219,,,
21.288,,,
21.1125,,,
23.4216,,,
27.2688,,,
30.6868,,,
35.3939,,,
39.2132,,,
41.8632,,,
42.8269,,,
42.2137,,,
39.3125,,,
35.387,,,
32.1092,,,
29.6991,,,
27.7497,,,
26.4753,,,
25.4934,,,
25.061,,,
24.8615,,,
24.6132,,,
24.2349,,,
23.6562,,,
23.2088,,,
22.6436,,,
22.297,,,
22.4347,,,
24.4284,,,
28.3566,,,
33.2505,,,
38.1864,,,
42.2615,,,
44.8651,,,
46.1854,,,
45.7273,,,
43.4831,,,
39.7256,,,
35.6755,,,
32.3525,,,
29.9023,,,
27.9701,,,
26.4488,,,
25.5406,,,
24.7848,,,
24.0331,,,
23.3869,,,
22.9846,,,
22.5269,,,
21.9631,,,
21.3223,,,
21.2929,,,
23.406,,,
27.4222,,,
32.1879,,,
36.7766,,,
40.2774,,,
42.7722,,,
43.8805,,,
43.5657,,,
41.5701,,,
38.1232,,,
34.2942,,,
31.1111,,,
28.4684,,,
26.7283,,,
25.2751,,,
24.6972,,,
23.9247,,,
23.2774,,,
22.6836,,,
22.2134,,,
21.9088,,,
21.6121,,,
21.3092,,,
21.3575,,,
23.2802,,,
27.1239,,,
31.9036,,,
36.6706,,,
40.6533,,,
43.4888,,,
44.8135,,,
44.4381,,,
42.507,,,
39.1681,,,
35.3663,,,
32.1196,,,
29.6399,,,
27.7986,,,
26.4076,,,
25.383,,,
24.7566,,,
24.3578,,,
23.9206,,,
23.5526,,,
23.2273,,,
23.2024,,,
23.3353,,,
23.6859,,,
25.9494,,,
30.2707,,,
35.3733,,,
40.4013,,,
44.1211,,,
46.9355,,,
47.4907,,,
46.5928,,,
44.1557,,,
41.0814,,,
37.5008,,,
34.5298,,,
31.9328,,,
30.5948,,,
29.5738,,,
28.5786,,,
27.3266,,,
26.7212,,,
26.3395,,,
25.2316,,,
24.3097,,,
23.7556,,,
23.514,,,
23.5428,,,
25.0807,,,
26.054,,,
27.4564,,,
29.0004,,,
30.3073,,,
29.6401,,,
29.2048,,,
28.5997,,,
27.6437,,,
26.1358,,,
24.16,,,
22.842,,,
22.0247,,,
21.5034,,,
21.1608,,,
20.9257,,,
20.8415,,,
20.7556,,,
20.7795,,,
20.7582,,,
20.3768,,,
19.9166,,,
19.5206,,,
19.5234,,,
21.4597,,,
25.3165,,,
30.0219,,,
34.6535,,,
38.5496,,,
41.3199,,,
42.8772,,,
42.8128,,,
40.8327,,,
37.5105,,,
33.4955,,,
30.2079,,,
27.7848,,,
26.1563,,,
24.7967,,,
23.7957,,,
22.8938,,,
22.4481,,,
22.2302,,,
21.793,,,
21.6109,,,
20.9025,,,
20.6793,,,
20.4701,,,
22.323,,,
27.195,,,
32.9332,,,
38.2604,,,
42.5678,,,
45.513,,,
46.727,,,
46.0733,,,
43.8081,,,
40.1066,,,
35.8277,,,
32.5755,,,
30.3708,,,
28.6977,,,
27.6197,,,
26.7286,,,
25.7533,,,
25.1048,,,
24.5926,,,
23.6029,,,
23.1309,,,
22.5228,,,
22.4462,,,
22.6512,,,
24.6698,,,
28.521,,,
33.2952,,,
37.8407,,,
41.6622,,,
43.5859,,,
45.0282,,,
44.5801,,,
42.4508,,,
38.8441,,,
34.7386,,,
31.846,,,
29.7356,,,
27.9944,,,
26.5788,,,
25.732,,,
25.1895,,,
24.7393,,,
24.3678,,,
23.9373,,,
23.7546,,,
23.6143,,,
23.4184,,,
23.4852,,,
25.6823,,,
29.9474,,,
35.2149,,,
40.0942,,,
44.1139,,,
46.5721,,,
47.2893,,,
46.754,,,
44.6992,,,
41.21,,,
37.0494,,,
32.9828,,,
30.2761,,,
28.2898,,,
26.7389,,,
25.4456,,,
24.292,,,
22.9402,,,
21.9567,,,
21.2371,,,
20.741,,,
20.3034,,,
19.8129,,,
19.7816,,,
21.6291,,,
24.8591,,,
28.9002,,,
33.5262,,,
32.9657,,,
31.006,,,
28.4132,,,
26.3612,,,
24.6547,,,
23.223,,,
22.2522,,,
21.4364,,,
20.8231,,,
20.2188,,,
19.7214,,,
19.3949,,,
19.1627,,,
18.9903,,,
18.8541,,,
18.6554,,,
18.5095,,,
18.3868,,,
18.2803,,,
18.4197,,,
20.6629,,,
24.9409,,,
30.1327,,,
35.2411,,,
39.3979,,,
42.236,,,
43.4517,,,
43.0985,,,
40.8855,,,
37.1288,,,
32.2824,,,
28.358,,,
25.9484,,,
24.0231,,,
22.8731,,,
21.8645,,,
21.1503,,,
20.6992,,,
20.3125,,,
20.0572,,,
19.8724,,,
19.5438,,,
19.0378,,,
19.0372,,,
21.2262,,,
25.7089,,,
31.2276,,,
36.517,,,
41.075,,,
43.9232,,,
45.1826,,,
44.7843,,,
42.3094,,,
38.5319,,,
34.0606,,,
29.8077,,,
27.1753,,,
25.5761,,,
24.1063,,,
23.1418,,,
22.3406,,,
21.7411,,,
21.1717,,,
21.001,,,
20.8545,,,
20.5537,,,
20.3572,,,
20.3991,,,
22.8766,,,
27.4141,,,
32.9794,,,
38.2934,,,
42.6847,,,
45.464,,,
46.6574,,,
46.0819,,,
43.7471,,,
39.884,,,
35.2009,,,
31.1427,,,
28.0154,,,
25.9815,,,
24.4566,,,
23.4476,,,
22.9054,,,
22.4632,,,
21.9884,,,
21.6876,,,
21.377,,,
21.3565,,,
21.0305,,,
20.8938,,,
23.5887,,,
28.0683,,,
33.6437,,,
38.8585,,,
43.1982,,,
46.0345,,,
47.3408,,,
46.8416,,,
44.6182,,,
40.7943,,,
35.9235,,,
31.6934,,,
28.6537,,,
26.9505,,,
25.6062,,,
24.3216,,,
23.7455,,,
23.2678,,,
22.8601,,,
22.6986,,,
22.5662,,,
22.6481,,,
22.3692,,,
22.5246,,,
24.9541,,,
29.5368,,,
34.9561,,,
40.1129,,,
44.3055,,,
47.0617,,,
48.081,,,
47.4382,,,
44.9835,,,
40.9291,,,
36.1228,,,
32.6238,,,
29.921,,,
28.1857,,,
27.0572,,,
26.2284,,,
25.6989,,,
25.932,,,
25.6266,,,
25.3691,,,
25.4874,,,
25.2371,,,
25.2681,,,
25.2419,,,
27.2142,,,
29.6621,,,
33.0513,,,
36.7782,,,
41.0666,,,
42.6153,,,
42.1592,,,
40.9851,,,
38.2805,,,
34.804,,,
30.6325,,,
27.6912,,,
25.6362,,,
24.2115,,,
23.3346,,,
22.598,,,
22.2947,,,
22.0793,,,
21.923,,,
21.593,,,
21.3797,,,
21.2205,,,
21.0061,,,
20.8902,,,
21.2978,,,
22.0612,,,
24.2214,,,
24.7701,,,
25.3838,,,
25.9236,,,
26.0579,,,
25.9747,,,
25.4171,,,
24.417,,,
23.2131,,,
22.345,,,
21.6167,,,
21.0597,,,
20.6171,,,
20.3284,,,
20.0242,,,
19.8203,,,
19.7704,,,
19.7069,,,
19.6415,,,
19.5747,,,
19.5071,,,
19.4529,,,
19.9989,,,
20.9455,,,
22.0773,,,
24.7402,,,
30.0046,,,
35.2701,,,
37.8143,,,
38.0269,,,
36.5374,,,
32.1275,,,
27.981,,,
25.3823,,,
23.6818,,,
22.659,,,
21.8158,,,
20.8317,,,
20.444,,,
19.9788,,,
19.6005,,,
19.4405,,,
19.3089,,,
19.121,,,
18.6934,,,
18.5814,,,
20.4714,,,
24.5694,,,
30.1449,,,
35.1674,,,
36.7367,,,
36.4468,,,
34.1385,,,
33.7634,,,
34.4083,,,
32.0381,,,
28.313,,,
25.5005,,,
23.8343,,,
23.2042,,,
22.6749,,,
21.5982,,,
21.6606,,,
20.7887,,,
20.3872,,,
19.8074,,,
19.9109,,,
19.8226,,,
19.5648,,,
19.063,,,
21.0816,,,
24.2032,,,
30.1747,,,
35.7041,,,
40.0363,,,
43.2152,,,
44.9214,,,
44.8391,,,
42.8443,,,
38.7469,,,
33.5743,,,
29.7785,,,
27.0752,,,
24.9864,,,
23.4341,,,
22.5068,,,
21.7454,,,
21.2704,,,
20.2907,,,
20.1309,,,
19.874,,,
19.8266,,,
19.7667,,,
19.8121,,,
20.2418,,,
21.5019,,,
23.2807,,,
25.0366,,,
26.5296,,,
31.0347,,,
34.3914,,,
36.1307,,,
34.8772,,,
32.6564,,,
29.3669,,,
26.8386,,,
24.7945,,,
23.481,,,
22.2961,,,
21.4868,,,
20.7789,,,
20.1305,,,
19.6223,,,
19.2965,,,
18.9872,,,
18.6871,,,
18.4774,,,
18.3512,,,
20.7315,,,
25.6374,,,
31.3159,,,
36.509,,,
40.6395,,,
43.4469,,,
44.7331,,,
44.1354,,,
41.6504,,,
37.5721,,,
32.5554,,,
28.6418,,,
26.0653,,,
24.4306,,,
23.0725,,,
22.2617,,,
21.5407,,,
20.9054,,,
20.5089,,,
20.1597,,,
19.7246,,,
19.3645,,,
19.0242,,,
18.8267,,,
21.0866,,,
25.9434,,,
31.6966,,,
36.8191,,,
41.03,,,
43.7872,,,
45.0363,,,
44.5897,,,
42.2563,,,
38.2559,,,
33.1879,,,
28.862,,,
26.2679,,,
24.3005,,,
23.04,,,
21.8856,,,
21.2778,,,
20.8789,,,
20.7176,,,
20.2981,,,
20.1431,,,
19.6207,,,
19.2206,,,
19.3554,,,
21.8816,,,
26.9243,,,
32.7017,,,
38.1573,,,
42.5146,,,
45.7333,,,
47.2444,,,
46.8534,,,
44.6586,,,
40.4069,,,
35.2258,,,
30.5706,,,
27.4298,,,
25.7389,,,
24.3943,,,
23.3968,,,
22.7873,,,
22.2948,,,
21.7957,,,
21.482,,,
21.2669,,,
21.112,,,
20.9936,,,
20.9182,,,
23.1714,,,
28.0732,,,
34.0708,,,
39.5369,,,
43.913,,,
47.165,,,
48.5945,,,
48.2614,,,
45.8685,,,
41.6939,,,
36.5381,,,
31.8218,,,
28.9211,,,
26.8794,,,
25.568,,,
24.2839,,,
23.7115,,,
22.8475,,,
22.526,,,
22.1032,,,
21.7503,,,
21.6035,,,
21.7704,,,
21.6616,,,
24.1026,,,
29.0203,,,
35.0536,,,
40.5348,,,
44.9078,,,
47.7681,,,
49.0128,,,
48.4869,,,
45.9678,,,
41.5982,,,
36.2672,,,
32.1064,,,
29.4132,,,
27.9744,,,
26.5149,,,
25.4575,,,
24.6241,,,
23.5198,,,
22.4627,,,
21.7349,,,
21.28,,,
20.5009,,,
20.3194,,,
19.6948,,,
21.7986,,,
26.0533,,,
31.2484,,,
36.2616,,,
40.7749,,,
43.5997,,,
44.6113,,,
43.5685,,,
40.8893,,,
36.423,,,
31.2053,,,
27.4477,,,
24.845,,,
23.2791,,,
22.305,,,
21.5033,,,
20.8139,,,
20.3796,,,
19.9825,,,
19.6351,,,
19.2922,,,
18.8699,,,
18.68,,,
18.5445,,,
20.9638,,,
26.1008,,,
32.2681,,,
38.0032,,,
42.8867,,,
46.4916,,,
48.2235,,,
47.9827,,,
45.4047,,,
40.7391,,,
35.1268,,,
31.2802,,,
28.4379,,,
26.2458,,,
25.0222,,,
23.9804,,,
23.1701,,,
22.7457,,,
22.2631,,,
22.0622,,,
21.9917,,,
22.0181,,,
21.9067,,,
21.7712,,,
23.4302,,,
27.3486,,,
32.6838,,,
37.7875,,,
42.961,,,
46.1503,,,
46.5292,,,
45.4988,,,
43.3652,,,
39.4993,,,
34.7014,,,
30.5447,,,
27.7608,,,
25.9004,,,
24.477,,,
23.4268,,,
22.7779,,,
22.3562,,,
21.8873,,,
21.6916,,,
21.6208,,,
21.355,,,
21.078,,,
20.7237,,,
23.1491,,,
27.5833,,,
33.2419,,,
38.1897,,,
42.7986,,,
45.8507,,,
47.3762,,,
47.0774,,,
44.6297,,,
40.5891,,,
35.2267,,,
31.3374,,,
29.4357,,,
28.343,,,
27.479,,,
26.9604,,,
26.801,,,
26.2921,,,
26.3553,,,
26.3452,,,
26.3125,,,
26.0988,,,
25.5935,,,
25.4029,,,
27.2433,,,
31.1363,,,
34.8879,,,
37.7159,,,
39.661,,,
41.9335,,,
44.1096,,,
43.8919,,,
41.4318,,,
37.0832,,,
31.8603,,,
28.2996,,,
25.9899,,,
24.4007,,,
23.4284,,,
22.6104,,,
22.1215,,,
21.6248,,,
21.1028,,,
20.3808,,,
19.9424,,,
19.745,,,
18.9144,,,
18.712,,,
20.7008,,,
25.3682,,,
30.7646,,,
36.0262,,,
40.2214,,,
43.6613,,,
45.3569,,,
45.1534,,,
42.6242,,,
37.7852,,,
32.2809,,,
28.3899,,,
25.8167,,,
24.2691,,,
23.3027,,,
22.2991,,,
21.6032,,,
21.1549,,,
20.5636,,,
19.9073,,,
19.8833,,,
19.404,,,
19.0154,,,
18.667,,,
21.1627,,,
26.0066,,,
31.7427,,,
37.7831,,,
42.446,,,
45.379,,,
46.5607,,,
46.0681,,,
43.2513,,,
38.4426,,,
32.8931,,,
28.9693,,,
25.8824,,,
24.066,,,
22.8622,,,
22.1275,,,
21.454,,,
20.5337,,,
19.8764,,,
19.1748,,,
18.4442,,,
18.2761,,,
18.1146,,,
17.8001,,,
20.0854,,,
24.8265,,,
30.7394,,,
35.8565,,,
39.8895,,,
42.8506,,,
43.8679,,,
43.1492,,,
39.9934,,,
35.7718,,,
30.7771,,,
27.4558,,,
25.0773,,,
23.3696,,,
22.3306,,,
21.4865,,,
20.8598,,,
20.2896,,,
20.1168,,,
20.2589,,,
20.482,,,
20.9622,,,
21.4256,,,
21.749,,,
23.5541,,,
28.0795,,,
31.8847,,,
35.5047,,,
39.9142,,,
40.1761,,,
41.6279,,,
38.4259,,,
36.6302,,,
33.659,,,
30.6758,,,
28.6099,,,
27.1979,,,
25.9552,,,
25.3014,,,
24.5116,,,
24.0392,,,
23.5389,,,
23.6108,,,
23.6168,,,
23.7305,,,
23.4431,,,
22.5103,,,
21.7942,,,
23.6796,,,
28.5132,,,
33.5655,,,
37.7977,,,
41.9921,,,
45.0468,,,
46.3661,,,
45.5591,,,
42.8361,,,
37.8212,,,
32.6024,,,
28.6808,,,
26.3846,,,
25.0837,,,
24.3905,,,
23.3951,,,
22.9746,,,
22.4633,,,
21.7724,,,
21.5626,,,
21.4077,,,
21.0623,,,
20.7531,,,
20.3446,,,
21.955,,,
26.844,,,
32.5036,,,
37.6224,,,
41.3787,,,
43.7696,,,
44.5068,,,
43.3712,,,
39.1568,,,
33.1502,,,
28.5926,,,
25.5585,,,
23.6163,,,
22.356,,,
21.6643,,,
21.2133,,,
20.7206,,,
20.2145,,,
19.596,,,
19.121,,,
18.8049,,,
18.5793,,,
18.3031,,,
18.0228,,,
17.8505,,,
17.9154,,,
18.0987,,,
18.3057,,,
18.566,,,
18.7726,,,
21.3855,,,
20.9922,,,
20.1991,,,
19.0901,,,
18.0001,,,
17.3201,,,
16.7752,,,
16.4207,,,
16.1725,,,
15.9019,,,
15.7103,,,
15.5596,,,
15.5204,,,
15.4563,,,
15.3861,,,
15.3102,,,
15.2044,,,
15.322,,,
17.3596,,,
21.773,,,
26.9492,,,
32.2524,,,
36.4514,,,
38.7185,,,
39.2441,,,
38.34,,,
35.1864,,,
30.4648,,,
25.7312,,,
22.6361,,,
20.5926,,,
19.455,,,
18.4446,,,
17.8305,,,
17.5389,,,
17.3598,,,
17.2061,,,
16.8565,,,
16.5406,,,
16.4128,,,
16.3029,,,
16.0079,,,
17.9253,,,
22.5583,,,
28.0908,,,
33.5046,,,
37.5365,,,
40.2853,,,
41.4546,,,
40.9524,,,
38.7502,,,
34.2923,,,
28.9443,,,
24.0826,,,
21.2702,,,
19.5479,,,
18.4814,,,
17.8121,,,
17.381,,,
17.1107,,,
16.9198,,,
16.8722,,,
16.8189,,,
16.7947,,,
16.7687,,,
16.8275,,,
17.1762,,,
17.948,,,
19.0797,,,
20.353,,,
21.5988,,,
22.1071,,,
22.0229,,,
21.499,,,
21.0829,,,
20.2202,,,
18.8677,,,
17.9753,,,
17.3651,,,
16.9435,,,
16.6024,,,
16.3247,,,
16.0634,,,
15.6088,,,
15.0494,,,
14.345,,,
13.82,,,
13.388,,,
12.9649,,,
12.8897,,,
15.2456,,,
19.9441,,,
25.4075,,,
30.4998,,,
34.5196,,,
35.2326,,,
33.0484,,,
29.0998,,,
25.4604,,,
22.4143,,,
20.2097,,,
18.7608,,,
17.7447,,,
17.0021,,,
16.4227,,,
15.9364,,,
15.4875,,,
15.0612,,,
14.615,,,
14.1563,,,
13.8082,,,
13.5213,,,
13.2332,,,
13.1217,,,
13.983,,,
16.3118,,,
20.5307,,,
25.5225,,,
30.2748,,,
33.6345,,,
35.3962,,,
35.3144,,,
32.8192,,,
28.008,,,
22.9687,,,
19.7087,,,
17.4372,,,
15.7613,,,
14.7321,,,
14.0494,,,
13.545,,,
13.1076,,,
12.6833,,,
12.2664,,,
12.0436,,,
11.8892,,,
11.7798,,,
11.8863,,,
14.3537,,,
19.1496,,,
24.9001,,,
30.2549,,,
34.6072,,,
37.4678,,,
38.8207,,,
38.4058,,,
35.561,,,
30.3923,,,
25.014,,,
21.5159,,,
19.0758,,,
17.2732,,,
16.0502,,,
15.1275,,,
14.3832,,,
13.8983,,,
13.5617,,,
13.2783,,,
12.9599,,,
12.6247,,,
12.2455,,,
12.4935,,,
14.5892,,,
18.9459,,,
24.5146,,,
30.1124,,,
35.0476,,,
38.2259,,,
39.6889,,,
39.3765,,,
36.7765,,,
31.9532,,,
27.0925,,,
23.8676,,,
21.5637,,,
19.8367,,,
18.7751,,,
18.084,,,
17.5956,,,
17.2454,,,
16.9999,,,
16.8093,,,
16.7109,,,
16.6452,,,
16.6098,,,
16.701,,,
18.3001,,,
22.113,,,
27.4835,,,
33.0528,,,
38.0663,,,
41.2552,,,
42.6761,,,
42.2209,,,
39.0876,,,
33.5235,,,
28.3187,,,
25.1172,,,
23.0321,,,
21.6224,,,
20.5828,,,
19.7678,,,
19.1,,,
18.4694,,,
17.8593,,,
17.2349,,,
16.7614,,,
16.3518,,,
16.0141,,,
15.8609,,,
17.226,,,
20.8475,,,
24.3806,,,
26.5052,,,
27.1891,,,
28.3481,,,
29.5635,,,
30.0841,,,
27.65,,,
24.6955,,,
22.3738,,,
20.8781,,,
19.8384,,,
19.0869,,,
18.6596,,,
18.4155,,,
18.2803,,,
18.1434,,,
18.0103,,,
17.8788,,,
17.7441,,,
17.6262,,,
17.4999,,,
17.4391,,,
17.6382,,,
18.2731,,,
20.7181,,,
26.2858,,,
33.1473,,,
37.1527,,,
38.8559,,,
38.3894,,,
35.8084,,,
30.7993,,,
25.7418,,,
22.2934,,,
19.7861,,,
17.8127,,,
16.6208,,,
15.844,,,
15.2999,,,
14.8987,,,
14.5788,,,
14.2744,,,
14.0504,,,
13.8697,,,
13.6785,,,
13.9315,,,
16.4986,,,
21.727,,,
27.6338,,,
33.0632,,,
37.3778,,,
40.4496,,,
42.0743,,,
41.8697,,,
39.106,,,
33.7268,,,
28.3959,,,
24.7124,,,
21.959,,,
19.7658,,,
18.5332,,,
17.813,,,
17.4222,,,
17.0903,,,
16.8206,,,
16.5866,,,
16.3405,,,
16.0698,,,
15.7976,,,
15.8014,,,
16.9988,,,
20.3538,,,
25.6376,,,
31.5462,,,
37.0267,,,
39.3619,,,
38.9689,,,
36.4113,,,
33.0055,,,
29.0673,,,
25.8539,,,
23.4096,,,
21.4369,,,
19.7382,,,
18.6643,,,
17.9461,,,
17.4224,,,
16.9343,,,
16.4536,,,
15.9961,,,
15.6869,,,
15.4546,,,
15.2345,,,
15.13,,,
16.9951,,,
21.5781,,,
27.1237,,,
32.366,,,
36.5697,,,
39.3023,,,
40.2265,,,
39.3588,,,
36.1379,,,
30.3936,,,
25.2022,,,
22.2767,,,
20.642,,,
19.8042,,,
19.2093,,,
18.7895,,,
18.4349,,,
17.9785,,,
17.471,,,
16.8964,,,
16.3485,,,
15.8319,,,
15.2882,,,
15.2742,,,
17.0014,,,
21.4366,,,
26.6997,,,
31.6357,,,
35.5747,,,
34.9899,,,
31.6254,,,
28.0369,,,
25.1298,,,
22.5653,,,
20.5066,,,
19.1197,,,
18.1007,,,
17.3183,,,
16.7987,,,
16.4474,,,
16.1771,,,
15.9913,,,
15.8538,,,
15.7453,,,
15.6892,,,
15.6429,,,
15.6234,,,
15.5844,,,
15.7411,,,
16.2988,,,
17.156,,,
18.0468,,,
18.8071,,,
19.2448,,,
19.316,,,
19.0107,,,
18.2983,,,
17.3512,,,
16.5014,,,
15.8335,,,
15.2965,,,
14.833,,,
14.6282,,,
14.524,,,
14.5313,,,
14.4058,,,
14.2478,,,
14.012,,,
13.8015,,,
13.6008,,,
13.3694,,,
13.1949,,,
13.1049,,,
13.1572,,,
13.8819,,,
15.3527,,,
17.8688,,,
20.6521,,,
23.3243,,,
24.9534,,,
23.6443,,,
20.1392,,,
17.116,,,
15.1475,,,
13.7492,,,
12.6821,,,
12.1131,,,
11.8071,,,
11.6411,,,
11.4589,,,
11.2546,,,
11.0218,,,
10.8763,,,
10.7588,,,
10.6405,,,
10.6616,,,
12.6276,,,
17.4697,,,
23.2681,,,
28.7521,,,
33.147,,,
36.0596,,,
37.294,,,
36.6776,,,
33.5792,,,
27.6611,,,
22.3561,,,
19.0881,,,
16.9559,,,
15.5054,,,
14.7593,,,
14.3996,,,
14.3209,,,
14.3326,,,
14.4189,,,
14.5532,,,
14.6455,,,
14.7135,,,
14.7823,,,
14.8389,,,
15.2116,,,
16.4328,,,
18.2352,,,
20.1549,,,
21.799,,,
25.0506,,,
28.7776,,,
31.4476,,,
30.4945,,,
26.5173,,,
23.0347,,,
20.8356,,,
19.3542,,,
18.3257,,,
17.6745,,,
17.2549,,,
16.9476,,,
16.5968,,,
16.2106,,,
15.804,,,
15.5839,,,
15.465,,,
15.4209,,,
15.1555,,,
16.1142,,,
19.9674,,,
25.2897,,,
30.6816,,,
35.2176,,,
38.1727,,,
39.3822,,,
38.7204,,,
35.4822,,,
29.1804,,,
23.8419,,,
20.6284,,,
18.5972,,,
17.2992,,,
16.4048,,,
15.7668,,,
15.1973,,,
14.679,,,
14.2009,,,
13.7241,,,
13.3753,,,
13.0887,,,
12.8192,,,
12.7587,,,
14.3965,,,
19.2518,,,
25.1759,,,
30.8327,,,
35.5383,,,
37.6635,,,
37.5199,,,
35.2183,,,
31.4738,,,
26.3463,,,
22.4771,,,
19.9367,,,
18.1624,,,
16.8409,,,
16.0456,,,
15.5446,,,
15.2213,,,
14.9355,,,
14.696,,,
14.4448,,,
14.0657,,,
13.5996,,,
13.0796,,,
12.8929,,,
14.2735,,,
18.8408,,,
24.5044,,,
30.0578,,,
34.6209,,,
37.2051,,,
37.8012,,,
36.5074,,,
33.1937,,,
27.399,,,
22.8978,,,
20.0117,,,
18.0791,,,
16.6949,,,
15.7355,,,
15.0215,,,
14.4213,,,
13.9949,,,
13.6648,,,
13.3562,,,
13.1684,,,
13.0264,,,
12.8964,,,
12.9307,,,
14.6009,,,
19.5505,,,
25.4468,,,
30.9505,,,
35.3933,,,
38.2845,,,
39.5663,,,
39.0508,,,
35.8539,,,
29.702,,,
24.6583,,,
21.5085,,,
19.433,,,
17.9923,,,
17.0178,,,
16.3286,,,
15.7914,,,
15.638,,,
15.697,,,
15.8842,,,
15.656,,,
15.1974,,,
14.6207,,,
14.4924,,,
15.2648,,,
18.6221,,,
24.1133,,,
30.3394,,,
36.0826,,,
39.2165,,,
40.1934,,,
38.976,,,
35.6772,,,
30.0439,,,
25.7195,,,
22.9843,,,
21.1402,,,
19.8531,,,
18.4426,,,
17.0005,,,
15.5229,,,
14.5626,,,
13.8695,,,
13.3064,,,
12.876,,,
12.4843,,,
12.1179,,,
11.9217,,,
11.9132,,,
12.3715,,,
14.5171,,,
19.9498,,,
26.6974,,,
30.825,,,
32.7292,,,
32.4952,,,
29.7214,,,
23.9646,,,
19.4818,,,
16.6635,,,
14.7602,,,
13.4147,,,
12.5197,,,
11.85,,,
11.3175,,,
10.951,,,
10.6623,,,
10.4025,,,
10.2345,,,
10.0955,,,
9.9582,,,
9.8617,,,
10.744,,,
15.1179,,,
20.5615,,,
25.7443,,,
30.0105,,,
32.9876,,,
34.4219,,,
33.9982,,,
31.117,,,
24.8722,,,
20.1234,,,
17.1795,,,
15.2366,,,
13.8743,,,
13.1257,,,
12.7094,,,
12.4862,,,
12.4077,,,
12.3789,,,
12.3727,,,
12.4781,,,
12.6438,,,
12.8166,,,
13.2339,,,
14.0155,,,
15.825,,,
18.6876,,,
22.3341,,,
26.4052,,,
27.9872,,,
27.8214,,,
26.7155,,,
24.9826,,,
22.9152,,,
21.3723,,,
20.3648,,,
19.6536,,,
19.1379,,,
18.6852,,,
18.2883,,,
17.899,,,
17.6606,,,
17.5032,,,
17.4117,,,
17.2779,,,
17.1379,,,
16.9644,,,
16.9541,,,
17.8842,,,
22.5199,,,
28.3755,,,
34.0823,,,
38.923,,,
41.9208,,,
43.1399,,,
42.472,,,
39.0188,,,
32.2536,,,
27.072,,,
23.6627,,,
21.2627,,,
19.4579,,,
18.4522,,,
17.8738,,,
17.5583,,,
17.3113,,,
17.1131,,,
16.9438,,,
16.7241,,,
16.498,,,
16.2814,,,
16.0717,,,
16.0211,,,
16.9586,,,
18.0808,,,
19.0631,,,
19.686,,,
19.4838,,,
18.7709,,,
17.7764,,,
16.9536,,,
16.2107,,,
15.6291,,,
15.1744,,,
14.7816,,,
14.4096,,,
14.0607,,,
13.7643,,,
13.4192,,,
13.2823,,,
13.2207,,,
13.2858,,,
13.218,,,
13.0747,,,
12.8501,,,
12.786,,,
13.009,,,
18.1916,,,
22.3443,,,
23.9313,,,
22.8461,,,
25.1245,,,
28.4769,,,
30.7857,,,
29.4582,,,
24.2342,,,
20.4,,,
17.9424,,,
16.2793,,,
15.0971,,,
14.3277,,,
13.7924,,,
13.3647,,,
12.9862,,,
12.605,,,
12.2279,,,
12.0022,,,
11.839,,,
11.702,,,
11.6151,,,
11.7534,,,
16.5383,,,
22.5964,,,
28.4796,,,
33.4976,,,
36.6948,,,
38.1074,,,
37.5952,,,
34.4481,,,
27.9161,,,
23.1522,,,
20.1245,,,
18.0891,,,
16.6414,,,
16.1429,,,
16.1832,,,
16.5351,,,
16.8653,,,
17.2135,,,
17.5637,,,
17.6171,,,
17.5297,,,
17.3284,,,
17.1184,,,
17.0867,,,
21.7414,,,
27.467,,,
32.878,,,
37.3631,,,
38.4134,,,
36.1928,,,
32.2077,,,
28.346,,,
24.5223,,,
21.5469,,,
19.5677,,,
18.1538,,,
17.0241,,,
16.8118,,,
17.1057,,,
17.7115,,,
17.9971,,,
18.1281,,,
18.1508,,,
18.1207,,,
18.0746,,,
18.0006,,,
18.067,,,
18.4255,,,
23.8205,,,
29.0064,,,
33.0155,,,
35.427,,,
37.3827,,,
38.2336,,,
37.5646,,,
34.4015,,,
28.099,,,
23.6243,,,
21.5828,,,
19.9953,,,
18.7427,,,
17.6815,,,
16.752,,,
15.8787,,,
15.0534,,,
14.3126,,,
13.7557,,,
13.303,,,
12.9756,,,
12.7694,,,
12.6499,,,
12.6346,,,
13.0845,,,
13.6584,,,
14.0469,,,
14.1579,,,
14.5837,,,
15.0731,,,
15.4122,,,
15.0874,,,
14.3749,,,
13.7633,,,
13.3116,,,
12.9165,,,
12.5572,,,
12.3743,,,
12.254,,,
12.171,,,
12.0796,,,
11.9819,,,
11.8473,,,
11.7621,,,
11.6844,,,
11.5935,,,
11.4998,,,
11.4553,,,
11.8161,,,
12.5287,,,
13.3076,,,
13.9108,,,
16.091,,,
20.6788,,,
24.7997,,,
24.4801,,,
19.7855,,,
16.4691,,,
14.3683,,,
12.9252,,,
11.9175,,,
11.441,,,
11.2614,,,
11.2392,,,
11.1458,,,
11.0214,,,
10.8403,,,
10.7653,,,
10.7269,,,
10.6935,,,
10.6318,,,
10.6013,,,
10.9723,,,
12.9355,,,
18.3001,,,
24.8232,,,
29.0707,,,
31.1967,,,
31.2831,,,
28.5343,,,
22.221,,,
17.8747,,,
15.2548,,,
13.6203,,,
12.563,,,
11.9687,,,
11.604,,,
11.3792,,,
11.1669,,,
10.9703,,,
10.7297,,,
10.4623,,,
10.1431,,,
9.7582,,,
9.6782,,,
9.9106,,,
14.428,,,
19.9074,,,
25.0918,,,
29.3417,,,
32.0814,,,
33.1947,,,
32.5094,,,
29.2367,,,
22.6117,,,
18.0171,,,
15.4392,,,
14.0033,,,
13.2704,,,
12.6401,,,
12.0655,,,
11.453,,,
10.8977,,,
10.3597,,,
9.8043,,,
9.473,,,
9.2434,,,
9.0502,,,
9.011,,,
9.1996,,,
13.9967,,,
20.0068,,,
25.7364,,,
30.5388,,,
33.5623,,,
34.7903,,,
34.1197,,,
31.0113,,,
24.6729,,,
20.3963,,,
17.8716,,,
16.347,,,
15.3862,,,
14.3136,,,
13.2408,,,
12.1085,,,
11.521,,,
11.1856,,,
11.0218,,,
11.0337,,,
11.145,,,
11.3128,,,
11.3398,,,
11.3721,,,
12.2934,,,
14.1169,,,
16.1418,,,
17.9925,,,
21.3085,,,
25.2553,,,
27.7954,,,
26.6062,,,
21.6205,,,
18.1272,,,
15.8791,,,
14.3402,,,
13.2269,,,
12.3478,,,
11.5894,,,
10.8853,,,
10.7632,,,
10.9178,,,
11.2965,,,
11.2154,,,
10.8921,,,
10.3846,,,
9.97,,,
9.5836,,,
9.3691,,,
9.3304,,,
9.3579,,,
9.3305,,,
9.2779,,,
9.1259,,,
8.838,,,
8.3829,,,
7.7755,,,
7.2356,,,
6.6469,,,
6.0192,,,
5.3175,,,
4.9643,,,
4.779,,,
4.694,,,
4.4698,,,
4.1398,,,
3.7401,,,
3.5778,,,
3.5432,,,
3.5472,,,
3.4086,,,
3.2876,,,
7.5035,,,
12.8977,,,
18.0253,,,
22.2156,,,
25.0719,,,
26.3374,,,
25.7871,,,
22.5809,,,
15.7573,,,
11.0751,,,
8.1963,,,
6.3114,,,
5.0204,,,
4.2737,,,
3.8049,,,
3.5062,,,
3.2403,,,
2.9985,,,
2.736,,,
2.4801,,,
2.1939,,,
1.8897,,,
2.4856,,,
3.6738,,,
10.1258,,,
17.1601,,,
23.5937,,,
28.8871,,,
32.0346,,,
33.1006,,,
32.0337,,,
28.6794,,,
21.6229,,,
17.0149,,,
14.2389,,,
12.5209,,,
11.4369,,,
10.6937,,,
10.1513,,,
9.6867,,,
9.5332,,,
9.5444,,,
9.618,,,
9.5344,,,
9.3343,,,
9.0384,,,
8.7792,,,
8.6314,,,
13.4547,,,
19.2854,,,
24.7428,,,
29.1419,,,
31.8086,,,
32.6343,,,
31.581,,,
28.1815,,,
21.3146,,,
16.822,,,
14.0333,,,
12.2059,,,
10.859,,,
9.9003,,,
9.1387,,,
8.4962,,,
8.1142,,,
7.8578,,,
7.6597,,,
7.5018,,,
7.3509,,,
7.1859,,,
7.1172,,,
7.2008,,,
12.2654,,,
18.4865,,,
24.418,,,
29.3497,,,
32.1518,,,
32.9139,,,
31.7243,,,
28.3119,,,
21.6576,,,
17.3281,,,
14.6691,,,
12.9338,,,
11.7473,,,
10.9219,,,
10.2704,,,
9.6595,,,
9.0314,,,
8.4018,,,
7.738,,,
7.278,,,
6.9065,,,
6.5729,,,
6.5535,,,
6.8146,,,
12.1203,,,
18.2561,,,
23.8313,,,
28.254,,,
31.1285,,,
32.3048,,,
31.6624,,,
28.4664,,,
21.6875,,,
17.1865,,,
14.3907,,,
12.5555,,,
11.2751,,,
10.376,,,
9.7003,,,
9.1127,,,
8.7966,,,
8.6096,,,
8.4836,,,
8.2457,,,
7.9147,,,
7.5161,,,
7.6041,,,
8.0061,,,
12.4937,,,
17.8431,,,
23.0237,,,
27.3495,,,
27.7553,,,
23.9438,,,
20.0744,,,
17.1784,,,
14.8194,,,
13.1339,,,
12.0374,,,
11.28,,,
10.6911,,,
10.1874,,,
9.6982,,,
9.2207,,,
8.5911,,,
7.8445,,,
6.9823,,,
6.4356,,,
6.0575,,,
5.7309,,,
5.5265,,,
5.4771,,,
10.4104,,,
16.5794,,,
22.5308,,,
27.4824,,,
30.6254,,,
31.8458,,,
30.9886,,,
27.669,,,
20.4403,,,
15.6938,,,
12.7442,,,
10.8151,,,
9.473,,,
8.7408,,,
8.3209,,,
8.0902,,,
7.8367,,,
7.5807,,,
7.2874,,,
7.1771,,,
7.1273,,,
7.138,,,
7.1689,,,
7.2854,,,
11.8132,,,
17.0526,,,
21.5989,,,
24.9262,,,
28.0643,,,
30.2282,,,
30.7794,,,
28.2209,,,
21.52,,,
17.0758,,,
14.2472,,,
12.3294,,,
10.9188,,,
9.9616,,,
9.2331,,,
8.6421,,,
8.2539,,,
7.961,,,
7.7077,,,
7.4659,,,
7.1952,,,
6.911,,,
6.8543,,,
7.0195,,,
12.1853,,,
18.3813,,,
24.2152,,,
28.9928,,,
32.1122,,,
33.4124,,,
32.7156,,,
29.3922,,,
22.1066,,,
17.3166,,,
14.2478,,,
12.1527,,,
10.6197,,,
9.6792,,,
9.0723,,,
8.6319,,,
8.432,,,
8.3323,,,
8.2963,,,
8.2294,,,
8.1317,,,
7.9988,,,
8.1398,,,
8.5026,,,
13.8975,,,
20.4878,,,
26.8297,,,
32.2168,,,
35.7568,,,
37.3897,,,
36.9641,,,
33.6855,,,
26.2535,,,
21.3145,,,
18.0318,,,
15.69,,,
13.9205,,,
12.8502,,,
12.1684,,,
11.6882,,,
11.4334,,,
11.2738,,,
11.1724,,,
11.1923,,,
11.2643,,,
11.3852,,,
11.5349,,,
11.7483,,,
13.8895,,,
17.389,,,
21.1666,,,
24.5229,,,
28.5106,,,
31.5254,,,
32.941,,,
30.8648,,,
24.6112,,,
20.4464,,,
17.8119,,,
16.0505,,,
14.844,,,
14.0016,,,
13.3502,,,
12.8341,,,
12.3929,,,
11.9958,,,
11.5896,,,
11.316,,,
11.1116,,,
10.8661,,,
10.8684,,,
11.0623,,,
12.288,,,
14.178,,,
16.1894,,,
17.9631,,,
22.4144,,,
27.2499,,,
30.5208,,,
29.5968,,,
23.8257,,,
20.0663,,,
17.5467,,,
15.7279,,,
14.3282,,,
13.457,,,
12.8824,,,
12.5216,,,
12.6168,,,
12.9428,,,
13.4715,,,
13.4338,,,
13.1149,,,
12.5536,,,
12.3378,,,
12.3991,,,
16.7642,,,
22.3661,,,
27.8589,,,
32.5266,,,
35.8266,,,
37.4976,,,
37.2343,,,
34.185,,,
26.9986,,,
22.3141,,,
19.2266,,,
17.0861,,,
15.4848,,,
14.3404,,,
13.46,,,
12.7373,,,
12.2099,,,
11.7895,,,
11.4005,,,
11.169,,,
11.0045,,,
10.863,,,
10.877,,,
11.0386,,,
16.2061,,,
22.6603,,,
28.9114,,,
34.2376,,,
37.5697,,,
38.9146,,,
38.2167,,,
34.7743,,,
27.2889,,,
22.2563,,,
19.105,,,
17.0282,,,
15.5805,,,
14.5688,,,
13.831,,,
13.2384,,,
12.8869,,,
12.6516,,,
12.4687,,,
12.2358,,,
11.946,,,
11.6355,,,
11.708,,,
11.9817,,,
12.8563,,,
15.0235,,,
19.3954,,,
26.0047,,,
29.6094,,,
30.603,,,
29.4102,,,
26.4577,,,
22.3477,,,
19.3821,,,
17.499,,,
16.2425,,,
15.3605,,,
14.7059,,,
14.1674,,,
13.6995,,,
13.7867,,,
14.1897,,,
14.7306,,,
14.6713,,,
14.2858,,,
13.7013,,,
13.4215,,,
13.3697,,,
17.9634,,,
24.1405,,,
30.2898,,,
35.6364,,,
39.1231,,,
40.7113,,,
40.331,,,
37.1122,,,
29.9298,,,
25.1036,,,
21.7863,,,
19.345,,,
17.4204,,,
16.2125,,,
15.4189,,,
14.889,,,
14.6815,,,
14.6683,,,
14.7442,,,
14.5041,,,
14.1174,,,
13.6085,,,
13.6388,,,
14.058,,,
19.3016,,,
24.9498,,,
29.8135,,,
33.4388,,,
35.6331,,,
36.1191,,,
34.8086,,,
31.5768,,,
25.442,,,
21.5432,,,
19.0075,,,
17.2666,,,
15.9758,,,
15.1264,,,
14.548,,,
14.1385,,,
13.7725,,,
13.4004,,,
13.0033,,,
13.5702,,,
14.6541,,,
16.0453,,,
16.3044,,,
16.0829,,,
19.8899,,,
25.4404,,,
31.0151,,,
35.8351,,,
39.1058,,,
40.6612,,,
40.3962,,,
37.2398,,,
30.203,,,
25.4639,,,
22.5234,,,
20.5917,,,
19.3029,,,
18.4582,,,
17.8867,,,
17.4351,,,
17.0113,,,
16.6285,,,
16.2512,,,
15.9776,,,
15.7778,,,
15.6082,,,
15.7468,,,
16.1265,,,
20.4053,,,
24.3552,,,
27.0208,,,
27.8519,,,
30.5508,,,
32.974,,,
34.0695,,,
31.9576,,,
25.7803,,,
21.8264,,,
19.416,,,
17.9108,,,
16.924,,,
15.9897,,,
15.1351,,,
14.2984,,,
13.7417,,,
13.3303,,,
12.9721,,,
12.8735,,,
12.9153,,,
13.0089,,,
13.0873,,,
13.2393,,,
17.4598,,,
23.2657,,,
29.0789,,,
34.175,,,
37.4767,,,
38.94,,,
38.3944,,,
35.1261,,,
27.6636,,,
22.6587,,,
19.4808,,,
17.3707,,,
15.8663,,,
14.8208,,,
14.0217,,,
13.3531,,,
12.8473,,,
12.4056,,,
12.0164,,,
11.6199,,,
11.2225,,,
10.891,,,
10.557,,,
10.3266,,,
16.1342,,,
23.2049,,,
30.1897,,,
35.3402,,,
38.7132,,,
40.1908,,,
39.2328,,,
35.8223,,,
28.5968,,,
23.7503,,,
20.53,,,
18.2516,,,
16.7856,,,
15.8032,,,
15.0928,,,
14.5115,,,
13.9918,,,
13.4997,,,
13.1378,,,
12.8428,,,
12.5655,,,
12.359,,,
12.1722,,,
12.0879,,,
17.0909,,,
23.2,,,
29.0795,,,
33.5265,,,
36.46,,,
37.6622,,,
36.8558,,,
33.8064,,,
26.6952,,,
21.9121,,,
18.8777,,,
16.8355,,,
15.5026,,,
14.5449,,,
13.8153,,,
13.4788,,,
13.3256,,,
13.2725,,,
12.8492,,,
12.1979,,,
11.3994,,,
11.1148,,,
11.0834,,,
11.3191,,,
16.1487,,,
21.5617,,,
26.3137,,,
30.6535,,,
33.92,,,
35.7165,,,
35.2564,,,
32.3964,,,
25.4687,,,
20.7657,,,
17.7608,,,
15.7259,,,
14.3599,,,
13.3497,,,
12.5436,,,
11.9869,,,
11.571,,,
11.2054,,,
11.0087,,,
10.8863,,,
10.7933,,,
10.8754,,,
11.0525,,,
11.3862,,,
17.1853,,,
23.8765,,,
30.2357,,,
35.0473,,,
38.2502,,,
39.6784,,,
38.6875,,,
35.2703,,,
27.8686,,,
23.0139,,,
20.0662,,,
18.1054,,,
16.751,,,
15.7916,,,
15.0952,,,
14.5896,,,
